{"id":42458400,"items":[{"id":36580088,"status":2,"title":"Blog Template","order":1,"templateKey":"blog","pageLinks":[]},{"id":454309646,"status":2,"title":"Post Template","order":2,"templateKey":"post","pageLinks":[]},{"id":159006449,"status":2,"title":"Home","order":3,"templateKey":null,"pageLinks":[]}],"metaTags":null,"order":"65536","headHtml":null,"customCss":null,"headerHtml":"<section class=\"u-clearfix u-header u-sticky u-white u-block-7f2e-1\" custom-posts-hash=\"T\" data-style=\"header-logo-menu-oneline\" data-post-id=\"2134330451\" data-section-properties=\"{&quot;grid-spacing&quot;:&quot;0&quot;,&quot;align&quot;:&quot;left&quot;,&quot;stretch&quot;:true}\" id=\"sec-987c\" data-id=\"7f2e\">\n  <div class=\"u-align-left u-clearfix u-sheet u-block-7f2e-2\" data-state=\"{&quot;margin-top&quot;:{&quot;shouldApplyDefaultMargins&quot;:{&quot;XL&quot;:false,&quot;LG&quot;:false,&quot;MD&quot;:false,&quot;SM&quot;:false,&quot;XS&quot;:false},&quot;parentVerticalAlign&quot;:{&quot;XL&quot;:&quot;&quot;,&quot;LG&quot;:&quot;&quot;,&quot;MD&quot;:&quot;&quot;,&quot;SM&quot;:&quot;&quot;,&quot;XS&quot;:&quot;&quot;}},&quot;margin-bottom&quot;:{&quot;shouldApplyDefaultMargins&quot;:{&quot;XL&quot;:false,&quot;LG&quot;:false,&quot;MD&quot;:false,&quot;SM&quot;:false,&quot;XS&quot;:false},&quot;parentVerticalAlign&quot;:{&quot;XL&quot;:&quot;&quot;,&quot;LG&quot;:&quot;&quot;,&quot;MD&quot;:&quot;&quot;,&quot;SM&quot;:&quot;&quot;,&quot;XS&quot;:&quot;&quot;}}}\"><img src=\"np://user.desktop.nicepage.com/Site_42458400/images/Knights_of_Columbus_Logo.png\" alt=\"\" class=\"u-image u-image-default u-block-7f2e-11\" data-image-width=\"225\" data-image-height=\"225\" data-state=\"{&quot;height&quot;:{&quot;expandedBlock&quot;:{&quot;XL&quot;:false,&quot;LG&quot;:false,&quot;MD&quot;:false,&quot;SM&quot;:false,&quot;XS&quot;:false},&quot;expandedParent&quot;:{&quot;XL&quot;:null,&quot;LG&quot;:null,&quot;MD&quot;:null,&quot;SM&quot;:null,&quot;XS&quot;:null}},&quot;margin-top&quot;:{&quot;shouldApplyDefaultMargins&quot;:{&quot;XL&quot;:false,&quot;LG&quot;:false,&quot;MD&quot;:false,&quot;SM&quot;:false,&quot;XS&quot;:false},&quot;parentVerticalAlign&quot;:{&quot;XL&quot;:&quot;&quot;,&quot;LG&quot;:&quot;&quot;,&quot;MD&quot;:&quot;&quot;,&quot;SM&quot;:&quot;&quot;,&quot;XS&quot;:&quot;&quot;}},&quot;margin-bottom&quot;:{&quot;shouldApplyDefaultMargins&quot;:{&quot;XL&quot;:false,&quot;LG&quot;:false,&quot;MD&quot;:false,&quot;SM&quot;:false,&quot;XS&quot;:false},&quot;parentVerticalAlign&quot;:{&quot;XL&quot;:&quot;&quot;,&quot;LG&quot;:&quot;&quot;,&quot;MD&quot;:&quot;&quot;,&quot;SM&quot;:&quot;&quot;,&quot;XS&quot;:&quot;&quot;}}}\">\n    \n    \n  <h3 class=\"u-align-left-xs u-custom-font u-headline u-text u-block-7f2e-3\" data-state=\"{&quot;margin-top&quot;:{&quot;shouldApplyDefaultMargins&quot;:{&quot;XL&quot;:false,&quot;LG&quot;:false,&quot;MD&quot;:false,&quot;SM&quot;:false,&quot;XS&quot;:false},&quot;parentVerticalAlign&quot;:{&quot;XL&quot;:&quot;&quot;,&quot;LG&quot;:&quot;&quot;,&quot;MD&quot;:&quot;&quot;,&quot;SM&quot;:&quot;&quot;,&quot;XS&quot;:&quot;&quot;}},&quot;margin-bottom&quot;:{&quot;shouldApplyDefaultMargins&quot;:{&quot;XL&quot;:false,&quot;LG&quot;:false,&quot;MD&quot;:false,&quot;SM&quot;:false,&quot;XS&quot;:false},&quot;parentVerticalAlign&quot;:{&quot;XL&quot;:&quot;&quot;,&quot;LG&quot;:&quot;&quot;,&quot;MD&quot;:&quot;&quot;,&quot;SM&quot;:&quot;&quot;,&quot;XS&quot;:&quot;&quot;}}}\"><a href=\"/\">Knights Of Columbus</a></h3><nav class=\"u-menu u-menu-dropdown u-offcanvas u-block-7f2e-4\" data-responsive-from=\"XL\" data-state=\"{&quot;margin-top&quot;:{&quot;shouldApplyDefaultMargins&quot;:{&quot;XL&quot;:false,&quot;LG&quot;:false,&quot;MD&quot;:false,&quot;SM&quot;:false,&quot;XS&quot;:false},&quot;parentVerticalAlign&quot;:{&quot;XL&quot;:&quot;&quot;,&quot;LG&quot;:&quot;&quot;,&quot;MD&quot;:&quot;&quot;,&quot;SM&quot;:&quot;&quot;,&quot;XS&quot;:&quot;&quot;}},&quot;margin-bottom&quot;:{&quot;shouldApplyDefaultMargins&quot;:{&quot;XL&quot;:false,&quot;LG&quot;:false,&quot;MD&quot;:false,&quot;SM&quot;:false,&quot;XS&quot;:false},&quot;parentVerticalAlign&quot;:{&quot;XL&quot;:&quot;&quot;,&quot;LG&quot;:&quot;&quot;,&quot;MD&quot;:&quot;&quot;,&quot;SM&quot;:&quot;&quot;,&quot;XS&quot;:&quot;&quot;}}}\">\n      <div class=\"menu-collapse\">\n        <a class=\"u-button-style u-nav-link u-text-black\" href=\"#\" style=\"padding: 8px 0px;\">\n          <svg class=\"u-svg-link\" preserveAspectRatio=\"xMidYMin slice\" viewBox=\"0 0 302 302\" style=\"undefined\">\n            <use xmlns:xlink=\"http://www.w3.org/1999/xlink\" xlink:href=\"#svg-a760\"></use>\n          </svg>\n          <svg xmlns=\"http://www.w3.org/2000/svg\" xmlns:xlink=\"http://www.w3.org/1999/xlink\" version=\"1.1\" id=\"svg-a760\" x=\"0px\" y=\"0px\" viewBox=\"0 0 302 302\" style=\"enable-background:new 0 0 302 302;\" xml:space=\"preserve\" class=\"u-svg-content\">\n            <g>\n              <rect y=\"36\" width=\"302\" height=\"30\"></rect>\n              <rect y=\"236\" width=\"302\" height=\"30\"></rect>\n              <rect y=\"136\" width=\"302\" height=\"30\"></rect>\n            </g>\n            <g></g>\n            <g></g>\n            <g></g>\n            <g></g>\n            <g></g>\n            <g></g>\n            <g></g>\n            <g></g>\n            <g></g>\n            <g></g>\n            <g></g>\n            <g></g>\n            <g></g>\n            <g></g>\n            <g></g>\n          </svg>\n        </a>\n      </div>\n      <div class=\"u-nav-container\">\n        <ul class=\"u-nav u-spacing-25 u-unstyled u-block-7f2e-5\">\n          \n        <li class=\"u-nav-item\">\n            <a class=\"u-button-style u-nav-link\" href=\"Home.html\" data-page-id=\"159006449\" style=\"padding: 8px 0px;\">Home</a>\n            \n          <div class=\"fake u-hidden u-nav-popup\">\n              <ul class=\"u-h-spacing-20 u-nav u-unstyled u-v-spacing-10 u-block-7f2e-6\">\n                <li class=\"u-nav-item\">\n                  <a class=\"u-button-style u-nav-link u-white\" href=\"#\" style=\"padding: 8px 0px;\">Menu Item 1</a>\n                </li>\n                <li class=\"u-nav-item\">\n                  <a class=\"u-button-style u-nav-link u-white\" href=\"#\" style=\"padding: 8px 0px;\">Menu Item 2</a>\n                </li>\n                <li class=\"u-nav-item\">\n                  <a class=\"u-button-style u-nav-link u-white\" href=\"#\" style=\"padding: 8px 0px;\">Menu Item 3</a>\n                </li>\n              </ul>\n            </div></li></ul>\n      </div>\n      <div class=\"u-nav-container-collapse\">\n        <div class=\"u-black u-container-style u-inner-container-layout u-opacity u-opacity-95 u-sidenav u-block-7f2e-7\">\n          <div class=\"u-menu-close u-block-7f2e-8\"></div>\n          <ul class=\"u-align-center u-nav u-popupmenu-items u-unstyled u-block-7f2e-9\">\n          \n        <li class=\"u-nav-item\">\n            <a class=\"u-button-style u-nav-link\" href=\"Home.html\" data-page-id=\"159006449\" style=\"padding: 8px 0px;\">Home</a>\n            \n          <div class=\"fake u-hidden u-nav-popup\">\n              <ul class=\"u-h-spacing-20 u-nav u-unstyled u-v-spacing-10 u-block-7f2e-10\">\n                <li class=\"u-nav-item\">\n                  <a class=\"u-button-style u-nav-link u-white\" href=\"#\" style=\"padding: 8px 0px;\">Menu Item 1</a>\n                </li>\n                <li class=\"u-nav-item\">\n                  <a class=\"u-button-style u-nav-link u-white\" href=\"#\" style=\"padding: 8px 0px;\">Menu Item 2</a>\n                </li>\n                <li class=\"u-nav-item\">\n                  <a class=\"u-button-style u-nav-link u-white\" href=\"#\" style=\"padding: 8px 0px;\">Menu Item 3</a>\n                </li>\n              </ul>\n            </div></li></ul>\n        </div>\n        <div class=\"u-black u-menu-overlay u-opacity u-opacity-70\"></div>\n      </div>\n    </nav></div>\n  <style data-mode=\"XL\" data-visited=\"true\">@media (min-width: 1200px){ .u-block-7f2e-1 {background-image: none}\n.u-block-7f2e-2 {min-height: 74px}\n.u-block-7f2e-11 {width: 56.4063px; height: 56.4219px; margin-top: 7px; margin-right: auto; margin-bottom: 0px; margin-left: auto}\n.u-block-7f2e-3 {font-family: \"Mr Dafoe\"; font-weight: 400; margin-top: -43.5px; margin-right: 663.688px; margin-bottom: 0px; margin-left: 0px}\n.u-block-7f2e-4 {margin-top: -36.5002px; margin-right: 0px; margin-bottom: 0px; margin-left: auto}\n.u-block-7f2e-6 {box-shadow: 2px 2px 8px 0 rgba(var(--grey-50-r),var(--grey-50-g),var(--grey-50-b),1)}\n.u-block-7f2e-9 {font-size: 1.25rem}\n.u-block-7f2e-10 {box-shadow: 2px 2px 8px 0 rgba(var(--grey-50-r),var(--grey-50-g),var(--grey-50-b),1)} }</style>\n  <style data-mode=\"LG\">@media (max-width: 1199px) and (min-width: 992px){ .u-block-7f2e-1 {background-image: none}\n.u-block-7f2e-2 {min-height: 74px}\n.u-block-7f2e-11 {width: 56.4063px; height: 56.4219px; margin-top: 7px; margin-right: auto; margin-bottom: 0px; margin-left: auto}\n.u-block-7f2e-3 {margin-top: -43.5px; margin-right: 637.156px; margin-bottom: 0px; margin-left: 0px; font-family: \"Mr Dafoe\"; font-weight: 400}\n.u-block-7f2e-4 {margin-top: -36.5002px; margin-right: 0px; margin-bottom: 0px; margin-left: auto}\n.u-block-7f2e-6 {box-shadow: 2px 2px 8px 0 rgba(var(--grey-50-r),var(--grey-50-g),var(--grey-50-b),1)}\n.u-block-7f2e-9 {font-size: 1.25rem}\n.u-block-7f2e-10 {box-shadow: 2px 2px 8px 0 rgba(var(--grey-50-r),var(--grey-50-g),var(--grey-50-b),1)} }</style>\n  <style data-mode=\"MD\">@media (max-width: 991px) and (min-width: 768px){ .u-block-7f2e-1 {background-image: none}\n.u-block-7f2e-2 {min-height: 74px}\n.u-block-7f2e-11 {width: 56.4063px; height: 56.4219px; margin-top: 7px; margin-right: auto; margin-bottom: 0px; margin-left: auto}\n.u-block-7f2e-3 {margin-top: -43.5px; margin-right: 418.156px; margin-bottom: 0px; margin-left: 0px; font-family: \"Mr Dafoe\"; font-weight: 400}\n.u-block-7f2e-4 {margin-top: -36.5002px; margin-right: 0px; margin-bottom: 0px; margin-left: auto}\n.u-block-7f2e-6 {box-shadow: 2px 2px 8px 0 rgba(var(--grey-50-r),var(--grey-50-g),var(--grey-50-b),1)}\n.u-block-7f2e-9 {font-size: 1.25rem}\n.u-block-7f2e-10 {box-shadow: 2px 2px 8px 0 rgba(var(--grey-50-r),var(--grey-50-g),var(--grey-50-b),1)} }</style>\n  <style data-mode=\"SM\">@media (max-width: 767px) and (min-width: 576px){ .u-block-7f2e-1 {background-image: none}\n.u-block-7f2e-2 {min-height: 74px}\n.u-block-7f2e-11 {width: 56.4063px; height: 56.4219px; margin-top: 7px; margin-right: auto; margin-bottom: 0px; margin-left: auto}\n.u-block-7f2e-3 {margin-top: -43.5px; margin-right: 270px; margin-bottom: 0px; margin-left: 0px; font-family: \"Mr Dafoe\"; font-weight: 400}\n.u-block-7f2e-4 {width: 24px; margin-top: -36.5002px; margin-right: 0px; margin-bottom: 0px; margin-left: auto}\n.u-block-7f2e-6 {box-shadow: 2px 2px 8px 0 rgba(var(--grey-50-r),var(--grey-50-g),var(--grey-50-b),1)}\n.u-block-7f2e-9 {font-size: 1.25rem}\n.u-block-7f2e-10 {box-shadow: 2px 2px 8px 0 rgba(var(--grey-50-r),var(--grey-50-g),var(--grey-50-b),1)} }</style>\n  <style data-mode=\"XS\">@media (max-width: 575px){ .u-block-7f2e-1 {background-image: none}\n.u-block-7f2e-2 {min-height: 80px}\n.u-block-7f2e-11 {width: 56.4063px; height: 56.4219px; margin-top: 7px; margin-right: auto; margin-bottom: 0px; margin-left: auto}\n.u-block-7f2e-3 {margin-top: -43.5px; margin-right: 91px; margin-bottom: 0px; margin-left: 0px; font-family: \"Mr Dafoe\"; font-weight: 400}\n.u-block-7f2e-4 {margin-top: -36.5002px; margin-right: 0px; margin-bottom: 0px; margin-left: auto; width: auto}\n.u-block-7f2e-6 {box-shadow: 2px 2px 8px 0 rgba(var(--grey-50-r),var(--grey-50-g),var(--grey-50-b),1)}\n.u-block-7f2e-9 {font-size: 1.25rem}\n.u-block-7f2e-10 {box-shadow: 2px 2px 8px 0 rgba(var(--grey-50-r),var(--grey-50-g),var(--grey-50-b),1)} }</style>\n</section>","footerHtml":"<section class=\"u-clearfix u-custom-color-1 u-footer u-block-19cd-1\" custom-posts-hash=\"T\" data-style=\"footer-social-icons-text-menu\" data-post-id=\"3953528025\" data-section-properties=\"{&quot;grid-spacing&quot;:&quot;30&quot;,&quot;spacingAdditional&quot;:&quot;none&quot;,&quot;align&quot;:&quot;center&quot;,&quot;stretch&quot;:true}\" id=\"sec-9f1c\" data-id=\"19cd\">\n  <div class=\"u-clearfix u-sheet u-block-19cd-2\" data-state=\"{&quot;margin-top&quot;:{&quot;shouldApplyDefaultMargins&quot;:{&quot;XL&quot;:false,&quot;LG&quot;:false,&quot;MD&quot;:false,&quot;SM&quot;:false,&quot;XS&quot;:false},&quot;parentVerticalAlign&quot;:{&quot;XL&quot;:&quot;&quot;,&quot;LG&quot;:&quot;&quot;,&quot;MD&quot;:&quot;&quot;,&quot;SM&quot;:&quot;&quot;,&quot;XS&quot;:&quot;&quot;}},&quot;margin-bottom&quot;:{&quot;shouldApplyDefaultMargins&quot;:{&quot;XL&quot;:false,&quot;LG&quot;:false,&quot;MD&quot;:false,&quot;SM&quot;:false,&quot;XS&quot;:false},&quot;parentVerticalAlign&quot;:{&quot;XL&quot;:&quot;&quot;,&quot;LG&quot;:&quot;&quot;,&quot;MD&quot;:&quot;&quot;,&quot;SM&quot;:&quot;&quot;,&quot;XS&quot;:&quot;&quot;}}}\">\n    <nav class=\"u-menu u-menu-dropdown u-offcanvas u-block-19cd-3\" data-state=\"{&quot;margin-top&quot;:{&quot;shouldApplyDefaultMargins&quot;:{&quot;XL&quot;:false,&quot;LG&quot;:false,&quot;MD&quot;:false,&quot;SM&quot;:false,&quot;XS&quot;:false},&quot;parentVerticalAlign&quot;:{&quot;XL&quot;:&quot;&quot;,&quot;LG&quot;:&quot;&quot;,&quot;MD&quot;:&quot;&quot;,&quot;SM&quot;:&quot;&quot;,&quot;XS&quot;:&quot;&quot;}},&quot;margin-bottom&quot;:{&quot;shouldApplyDefaultMargins&quot;:{&quot;XL&quot;:false,&quot;LG&quot;:false,&quot;MD&quot;:false,&quot;SM&quot;:false,&quot;XS&quot;:false},&quot;parentVerticalAlign&quot;:{&quot;XL&quot;:&quot;&quot;,&quot;LG&quot;:&quot;&quot;,&quot;MD&quot;:&quot;&quot;,&quot;SM&quot;:&quot;&quot;,&quot;XS&quot;:&quot;&quot;}}}\">\n      <div class=\"menu-collapse\">\n        <a class=\"u-button-style u-nav-link\" href=\"#\" style=\"padding: 4px 2px; font-size: calc(1em + 8px);\">\n          <svg>\n            <use xmlns:xlink=\"http://www.w3.org/1999/xlink\" xlink:href=\"#menu-hamburger\"></use>\n          </svg>\n          <svg version=\"1.1\" xmlns=\"http://www.w3.org/2000/svg\" xmlns:xlink=\"http://www.w3.org/1999/xlink\">\n            <defs>\n              <symbol id=\"menu-hamburger\" viewBox=\"0 0 16 16\" style=\"width: 16px; height: 16px;\">\n                <rect y=\"1\" width=\"16\" height=\"2\"></rect>\n                <rect y=\"7\" width=\"16\" height=\"2\"></rect>\n                <rect y=\"13\" width=\"16\" height=\"2\"></rect>\n              </symbol>\n            </defs>\n          </svg>\n        </a>\n      </div>\n      <div class=\"u-nav-container\">\n        <ul class=\"u-nav u-unstyled u-block-19cd-4\">\n          \n        <li class=\"u-nav-item\">\n            <a class=\"u-button-style u-nav-link\" href=\"Home.html\" data-page-id=\"159006449\" style=\"padding: 8px 14px;\">Home</a>\n            \n          <div class=\"fake u-hidden u-nav-popup\">\n              <ul class=\"u-h-spacing-20 u-nav u-unstyled u-v-spacing-10 u-block-19cd-5\">\n                <li class=\"u-nav-item\">\n                  <a class=\"u-button-style u-nav-link u-white\" href=\"#\">Menu Item 1</a>\n                </li>\n                <li class=\"u-nav-item\">\n                  <a class=\"u-button-style u-nav-link u-white\" href=\"#\">Menu Item 2</a>\n                </li>\n                <li class=\"u-nav-item\">\n                  <a class=\"u-button-style u-nav-link u-white\" href=\"#\">Menu Item 3</a>\n                </li>\n              </ul>\n            </div></li></ul>\n      </div>\n      <div class=\"u-nav-container-collapse\">\n        <div class=\"u-black u-container-style u-inner-container-layout u-opacity u-opacity-95 u-sidenav u-block-19cd-6\">\n          <div class=\"u-menu-close u-block-19cd-7\"></div>\n          <ul class=\"u-align-center u-nav u-popupmenu-items u-unstyled u-block-19cd-8\">\n            \n          <li class=\"u-nav-item\">\n              <a class=\"u-button-style u-nav-link\" href=\"Home.html\" data-page-id=\"159006449\">Home</a>\n            </li></ul>\n        </div>\n        <div class=\"u-black u-menu-overlay u-opacity u-opacity-70\"></div>\n      </div>\n    </nav>\n    <div class=\"u-social-icons u-spacing-10 u-block-19cd-9\" data-state=\"{&quot;margin-top&quot;:{&quot;shouldApplyDefaultMargins&quot;:{&quot;XL&quot;:false,&quot;LG&quot;:false,&quot;MD&quot;:false,&quot;SM&quot;:false,&quot;XS&quot;:false},&quot;parentVerticalAlign&quot;:{&quot;XL&quot;:&quot;&quot;,&quot;LG&quot;:&quot;&quot;,&quot;MD&quot;:&quot;&quot;,&quot;SM&quot;:&quot;&quot;,&quot;XS&quot;:&quot;&quot;}},&quot;margin-bottom&quot;:{&quot;shouldApplyDefaultMargins&quot;:{&quot;XL&quot;:false,&quot;LG&quot;:false,&quot;MD&quot;:false,&quot;SM&quot;:false,&quot;XS&quot;:false},&quot;parentVerticalAlign&quot;:{&quot;XL&quot;:&quot;&quot;,&quot;LG&quot;:&quot;&quot;,&quot;MD&quot;:&quot;&quot;,&quot;SM&quot;:&quot;&quot;,&quot;XS&quot;:&quot;&quot;}}}\"><a class=\"u-social-url\" target=\"_blank\" href=\"\"><span class=\"u-icon u-icon-circle u-social-facebook u-social-type-logo u-block-19cd-10\"><svg class=\"u-svg-link\" preserveAspectRatio=\"xMidYMin slice\" viewBox=\"0 0 112.2 112.2\"><use xmlns:xlink=\"http://www.w3.org/1999/xlink\" xlink:href=\"#svg-6db0\"></use></svg><svg x=\"0px\" y=\"0px\" viewBox=\"0 0 112.2 112.2\" enable-background=\"new 0 0 112.2 112.2\" xml:space=\"preserve\" id=\"svg-6db0\" class=\"u-svg-content\">\n        <path d=\"M75.5,28.8H65.4c-1.5,0-4,0.9-4,4.3v9.4h13.9l-1.5,15.8H61.4v45.1H42.8V58.3h-8.8V42.4h8.8V32.2 c0-7.4,3.4-18.8,18.8-18.8h13.8v15.4H75.5z\"></path>\n    </svg></span></a><a class=\"u-social-url\" target=\"_blank\" href=\"\"><span class=\"u-icon u-icon-circle u-social-twitter u-social-type-logo u-block-19cd-11\"><svg class=\"u-svg-link\" preserveAspectRatio=\"xMidYMin slice\" viewBox=\"0 0 112.2 112.2\"><use xmlns:xlink=\"http://www.w3.org/1999/xlink\" xlink:href=\"#svg-35c2\"></use></svg><svg x=\"0px\" y=\"0px\" viewBox=\"0 0 112.2 112.2\" enable-background=\"new 0 0 112.2 112.2\" xml:space=\"preserve\" id=\"svg-35c2\" class=\"u-svg-content\">\n        <path d=\"M92.2,38.2c0,0.8,0,1.6,0,2.3c0,24.3-18.6,52.4-52.6,52.4c-10.6,0.1-20.2-2.9-28.5-8.2 c1.4,0.2,2.9,0.2,4.4,0.2c8.7,0,16.7-2.9,23-7.9c-8.1-0.2-14.9-5.5-17.3-12.8c1.1,0.2,2.4,0.2,3.4,0.2c1.6,0,3.3-0.2,4.8-0.7 c-8.4-1.6-14.9-9.2-14.9-18c0-0.2,0-0.2,0-0.2c2.5,1.4,5.4,2.2,8.4,2.3c-5-3.3-8.3-8.9-8.3-15.4c0-3.4,1-6.5,2.5-9.2 c9.1,11.1,22.7,18.5,38,19.2c-0.2-1.4-0.4-2.8-0.4-4.3c0.1-10,8.3-18.2,18.5-18.2c5.4,0,10.1,2.2,13.5,5.7c4.3-0.8,8.1-2.3,11.7-4.5 c-1.4,4.3-4.3,7.9-8.1,10.1c3.7-0.4,7.3-1.4,10.6-2.9C98.9,32.3,95.7,35.5,92.2,38.2z\"></path>\n    </svg></span></a><a class=\"u-social-url\" target=\"_blank\" href=\"\"><span class=\"u-icon u-icon-circle u-social-instagram u-social-type-logo u-block-19cd-12\"><svg class=\"u-svg-link\" preserveAspectRatio=\"xMidYMin slice\" viewBox=\"0 0 112.2 112.2\"><use xmlns:xlink=\"http://www.w3.org/1999/xlink\" xlink:href=\"#svg-50be\"></use></svg><svg x=\"0px\" y=\"0px\" viewBox=\"0 0 112.2 112.2\" enable-background=\"new 0 0 112.2 112.2\" xml:space=\"preserve\" id=\"svg-50be\" class=\"u-svg-content\">\n        <path d=\"M55.9,32.9c-12.8,0-23.2,10.4-23.2,23.2s10.4,23.2,23.2,23.2s23.2-10.4,23.2-23.2S68.7,32.9,55.9,32.9z M55.9,69.4c-7.4,0-13.3-6-13.3-13.3c-0.1-7.4,6-13.3,13.3-13.3s13.3,6,13.3,13.3C69.3,63.5,63.3,69.4,55.9,69.4z\"></path>\n        <path d=\"M79.7,26.8c-3,0-5.4,2.5-5.4,5.4s2.5,5.4,5.4,5.4c3,0,5.4-2.5,5.4-5.4S82.7,26.8,79.7,26.8z\"></path>\n        <path d=\"M78.2,11H33.5C21,11,10.8,21.3,10.8,33.7v44.7c0,12.6,10.2,22.8,22.7,22.8h44.7c12.6,0,22.7-10.2,22.7-22.7 V33.7C100.8,21.1,90.6,11,78.2,11z M91,78.4c0,7.1-5.8,12.8-12.8,12.8H33.5c-7.1,0-12.8-5.8-12.8-12.8V33.7 c0-7.1,5.8-12.8,12.8-12.8h44.7c7.1,0,12.8,5.8,12.8,12.8V78.4z\"></path>\n    </svg></span></a><a class=\"u-social-url\" target=\"_blank\" href=\"\"><span class=\"u-icon u-icon-circle u-social-linkedin u-social-type-logo u-block-19cd-13\"><svg class=\"u-svg-link\" preserveAspectRatio=\"xMidYMin slice\" viewBox=\"0 0 112.2 112.2\"><use xmlns:xlink=\"http://www.w3.org/1999/xlink\" xlink:href=\"#svg-76d5\"></use></svg><svg x=\"0px\" y=\"0px\" viewBox=\"0 0 112.2 112.2\" enable-background=\"new 0 0 112.2 112.2\" xml:space=\"preserve\" id=\"svg-76d5\" class=\"u-svg-content\">\n        <path d=\"M33.8,96.8H14.5v-58h19.3V96.8z M24.1,30.9L24.1,30.9c-6.6,0-10.8-4.5-10.8-10.1c0-5.8,4.3-10.1,10.9-10.1 S34.9,15,35.1,20.8C35.1,26.4,30.8,30.9,24.1,30.9z M103.3,96.8H84.1v-31c0-7.8-2.7-13.1-9.8-13.1c-5.3,0-8.5,3.6-9.9,7.1 c-0.6,1.3-0.6,3-0.6,4.8V97H44.5c0,0,0.3-52.6,0-58h19.3v8.2c2.6-3.9,7.2-9.6,17.4-9.6c12.7,0,22.2,8.4,22.2,26.1V96.8z\"></path>\n    </svg></span></a></div>\n    <div class=\"u-border-1 u-border-white u-expanded-width u-line u-line-horizontal u-opacity u-opacity-50 u-block-19cd-14\" data-state=\"{&quot;margin-top&quot;:{&quot;shouldApplyDefaultMargins&quot;:{&quot;XL&quot;:false,&quot;LG&quot;:false,&quot;MD&quot;:false,&quot;SM&quot;:false,&quot;XS&quot;:false},&quot;parentVerticalAlign&quot;:{&quot;XL&quot;:&quot;&quot;,&quot;LG&quot;:&quot;&quot;,&quot;MD&quot;:&quot;&quot;,&quot;SM&quot;:&quot;&quot;,&quot;XS&quot;:&quot;&quot;}},&quot;margin-bottom&quot;:{&quot;shouldApplyDefaultMargins&quot;:{&quot;XL&quot;:false,&quot;LG&quot;:false,&quot;MD&quot;:false,&quot;SM&quot;:false,&quot;XS&quot;:false},&quot;parentVerticalAlign&quot;:{&quot;XL&quot;:&quot;&quot;,&quot;LG&quot;:&quot;&quot;,&quot;MD&quot;:&quot;&quot;,&quot;SM&quot;:&quot;&quot;,&quot;XS&quot;:&quot;&quot;}}}\"></div>\n    <p class=\"u-align-center u-small-text u-text u-text-variant u-block-19cd-15\" data-state=\"{&quot;margin-top&quot;:{&quot;shouldApplyDefaultMargins&quot;:{&quot;XL&quot;:false,&quot;LG&quot;:false,&quot;MD&quot;:false,&quot;SM&quot;:false,&quot;XS&quot;:false},&quot;parentVerticalAlign&quot;:{&quot;XL&quot;:&quot;&quot;,&quot;LG&quot;:&quot;&quot;,&quot;MD&quot;:&quot;&quot;,&quot;SM&quot;:&quot;&quot;,&quot;XS&quot;:&quot;&quot;}},&quot;margin-bottom&quot;:{&quot;shouldApplyDefaultMargins&quot;:{&quot;XL&quot;:false,&quot;LG&quot;:false,&quot;MD&quot;:false,&quot;SM&quot;:false,&quot;XS&quot;:false},&quot;parentVerticalAlign&quot;:{&quot;XL&quot;:&quot;&quot;,&quot;LG&quot;:&quot;&quot;,&quot;MD&quot;:&quot;&quot;,&quot;SM&quot;:&quot;&quot;,&quot;XS&quot;:&quot;&quot;}}}\">copy right 2019 Knights of Columbus South County Council</p>\n  </div>\n  <style data-mode=\"XL\" data-visited=\"true\">@media (min-width: 1200px){ .u-block-19cd-2 {min-height: 206.906px}\n.u-block-19cd-3 {margin-top: 50px; margin-right: 0px; margin-bottom: 0px; margin-left: auto}\n.u-block-19cd-5 {box-shadow: 2px 2px 8px 0 rgba(var(--grey-50-r),var(--grey-50-g),var(--grey-50-b),1)}\n.u-block-19cd-8 {font-size: 1.25rem}\n.u-block-19cd-9 {white-space: nowrap; height: 24.1875px; min-height: 16px; width: 126.75px; min-width: 94px; margin-top: -28.0938px; margin-right: auto; margin-bottom: 0px; margin-left: 0px}\n.u-block-19cd-10 {height: 100%}\n.u-block-19cd-11 {height: 100%}\n.u-block-19cd-12 {height: 100%}\n.u-block-19cd-13 {height: 100%}\n.u-block-19cd-14 {transform-origin: left center 0px; width: 1140px; margin-top: 35.8126px; margin-right: auto; margin-bottom: 0px; margin-left: 0px}\n.u-block-19cd-15 {width: 495px; margin-top: 20px; margin-left: auto; margin-right: auto; margin-bottom: 0px} }</style>\n  <style data-mode=\"LG\">@media (max-width: 1199px) and (min-width: 992px){ .u-block-19cd-2 {min-height: 207px}\n.u-block-19cd-3 {margin-top: 50px; margin-bottom: 0px; margin-left: auto; margin-right: 0px}\n.u-block-19cd-5 {box-shadow: 2px 2px 8px 0 rgba(var(--grey-50-r),var(--grey-50-g),var(--grey-50-b),1)}\n.u-block-19cd-8 {font-size: 1.25rem}\n.u-block-19cd-9 {white-space: nowrap; height: 24.1875px; min-height: 16px; width: 126.75px; min-width: 94px; margin-top: -28.0938px; margin-right: auto; margin-bottom: 0px; margin-left: 0px}\n.u-block-19cd-10 {height: 100%}\n.u-block-19cd-11 {height: 100%}\n.u-block-19cd-12 {height: 100%}\n.u-block-19cd-13 {height: 100%}\n.u-block-19cd-14 {margin-top: 35.8126px; margin-bottom: 0px; transform-origin: 50% 50%}\n.u-block-19cd-15 {margin-top: 20px; margin-bottom: 0px; margin-left: auto; margin-right: auto; width: 408.1579px} }</style>\n  <style data-mode=\"MD\">@media (max-width: 991px) and (min-width: 768px){ .u-block-19cd-2 {min-height: 207px}\n.u-block-19cd-3 {margin-top: 50px; margin-right: 0px; margin-bottom: 0px; margin-left: auto}\n.u-block-19cd-5 {box-shadow: 2px 2px 8px 0 rgba(var(--grey-50-r),var(--grey-50-g),var(--grey-50-b),1)}\n.u-block-19cd-8 {font-size: 1.25rem}\n.u-block-19cd-9 {white-space: nowrap; height: 24.1875px; min-height: 16px; width: 126.75px; min-width: 94px; margin-top: -28.0938px; margin-right: auto; margin-bottom: 0px; margin-left: 0px}\n.u-block-19cd-10 {height: 100%}\n.u-block-19cd-11 {height: 100%}\n.u-block-19cd-12 {height: 100%}\n.u-block-19cd-13 {height: 100%}\n.u-block-19cd-14 {margin-top: 35.8126px; margin-bottom: 0px; transform-origin: 50% 50%}\n.u-block-19cd-15 {width: 312.6316px; margin-top: 20px; margin-left: auto; margin-right: auto; margin-bottom: 0px} }</style>\n  <style data-mode=\"SM\">@media (max-width: 767px) and (min-width: 576px){ .u-block-19cd-2 {min-height: 207px}\n.u-block-19cd-3 {margin-top: 20px; margin-left: auto; margin-right: 0px; margin-bottom: 0px}\n.u-block-19cd-5 {box-shadow: 2px 2px 8px 0 rgba(var(--grey-50-r),var(--grey-50-g),var(--grey-50-b),1)}\n.u-block-19cd-8 {font-size: 1.25rem}\n.u-block-19cd-9 {white-space: nowrap; height: 24.1875px; min-height: 16px; width: 126.75px; min-width: 94px; margin-top: 20px; margin-left: 206.625px; margin-right: auto; margin-bottom: 0px}\n.u-block-19cd-10 {height: 100%}\n.u-block-19cd-11 {height: 100%}\n.u-block-19cd-12 {height: 100%}\n.u-block-19cd-13 {height: 100%}\n.u-block-19cd-14 {margin-top: 35.8126px; margin-bottom: 0px; transform-origin: 50% 50%}\n.u-block-19cd-15 {width: 293.0922px; margin-top: 20px; margin-left: auto; margin-right: auto; margin-bottom: 0px} }</style>\n  <style data-mode=\"XS\">@media (max-width: 575px){ .u-block-19cd-2 {min-height: 207px}\n.u-block-19cd-3 {margin-top: 20px; margin-bottom: 0px; margin-left: auto; margin-right: 0px}\n.u-block-19cd-5 {box-shadow: 2px 2px 8px 0 rgba(var(--grey-50-r),var(--grey-50-g),var(--grey-50-b),1)}\n.u-block-19cd-8 {font-size: 1.25rem}\n.u-block-19cd-9 {white-space: nowrap; height: 24.1875px; min-height: 16px; width: 126.75px; min-width: 94px; margin-top: 20px; margin-bottom: 0px; margin-left: 206.625px; margin-right: auto}\n.u-block-19cd-10 {height: 100%}\n.u-block-19cd-11 {height: 100%}\n.u-block-19cd-12 {height: 100%}\n.u-block-19cd-13 {height: 100%}\n.u-block-19cd-14 {margin-top: 35.8126px; margin-bottom: 0px; transform-origin: 50% 50%}\n.u-block-19cd-15 {width: 246.0527px; margin-top: 20px; margin-left: auto; margin-right: auto; margin-bottom: 0px} }</style>\n</section>","hideBacklink":null,"homePageId":159006449,"dateUpdated":1575852425027,"settings":"{\"title\":\"Knight Of Columbus SCC\",\"homePageId\":\"159006449\",\"description\":\"\",\"keywords\":\"\",\"analytics\":\"\",\"googleTagManager\":\"\",\"googleOptimizeId\":\"\",\"captchaSiteKey\":\"\",\"captchaSecretKey\":\"\",\"metaTags\":\"\",\"headHtml\":\"\",\"customCss\":\"\",\"themeAuthor\":\"\",\"themeAuthorUrl\":\"\",\"themeVersion\":\"1.0\",\"themeUrl\":\"\",\"themeTags\":\"left-sidebar, right-sidebar, custom-background, custom-colors, blog\",\"themeDescription\":\"Nicepage-generated theme\",\"showBrand\":\"false\",\"favicon\":\"\",\"whiteLabelTitle\":\"Nicepage\",\"whiteLabelLogoSmall\":\"\",\"whiteLabelLogoBig\":\"\",\"whiteLabelAuthor\":\"Nicepage https://www.nicepage.com\",\"whiteLabelAuthorUrl\":\"https://nicepage.com/\",\"whiteLabelDescription\":\"Design websites with any images and texts in seconds!\",\"themeThumbnail\":\"\",\"captchaScript\":\"\",\"colorScheme\":{\"bodyColors\":[\"#3d3b3a\",\"#ffffff\"],\"bgColor\":\"#ffffff\",\"colors\":[\"#f0885f\",\"#eccb93\",\"#625772\",\"#ecdb9e\",\"#a3dcec\"],\"customColors\":[{\"color\":\"#b8943f\",\"status\":0},\"#e6231e\"],\"shadingContrast\":\"body-alt-color\",\"whiteContrast\":\"body-color\",\"bgContrast\":\"body-color\",\"name\":\"u12\"},\"fontScheme\":{\"name\":\"Roboto-OpenSans\",\"default\":true,\"isDefault\":true,\"fonts\":{\"heading\":\"Roboto, sans-serif\",\"text\":\"Open Sans, sans-serif\",\"accent\":\"Arial, sans-serif\",\"headingTitle\":\"Roboto\",\"textTitle\":\"Open Sans\"}},\"typography\":{\"name\":\"custom-page-typography-6\",\"title\":{\"font-weight\":\"700\",\"text-transform\":\"capitalize\",\"line-height\":\"1_1\",\"font-size\":6,\"margin-top\":20,\"margin-bottom\":20},\"subtitle\":{\"font-weight\":\"700\",\"text-transform\":\"capitalize\",\"line-height\":\"1_2\",\"font-size\":2.25,\"margin-top\":20,\"margin-bottom\":20},\"h1\":{\"font-weight\":\"700\",\"text-transform\":\"capitalize\",\"line-height\":\"1_1\",\"font-size\":3.75,\"margin-top\":20,\"margin-bottom\":20},\"h2\":{\"font-weight\":\"700\",\"text-transform\":\"capitalize\",\"line-height\":\"1_2\",\"font-size\":2.25,\"margin-top\":20,\"margin-bottom\":20},\"h3\":{\"font-weight\":\"700\",\"text-transform\":\"capitalize\",\"line-height\":\"1_2\",\"font-size\":1.875,\"margin-top\":20,\"margin-bottom\":20},\"h4\":{\"font-weight\":\"700\",\"text-transform\":\"capitalize\",\"line-height\":\"1_2\",\"font-size\":1.5,\"margin-top\":20,\"margin-bottom\":20},\"h5\":{\"font-weight\":\"700\",\"text-transform\":\"capitalize\",\"line-height\":\"1_2\",\"font-size\":1.25,\"margin-top\":20,\"margin-bottom\":20},\"h6\":{\"font-weight\":\"700\",\"text-transform\":\"capitalize\",\"line-height\":\"1_2\",\"font-size\":1.125,\"margin-top\":20,\"margin-bottom\":20},\"largeText\":{\"bold\":false,\"line-height\":\"1_6\",\"font-size\":1,\"margin-top\":20,\"margin-bottom\":20},\"text\":{\"bold\":false,\"line-height\":\"1.8\",\"font-size\":1.125,\"margin-top\":20,\"margin-bottom\":20},\"smallText\":{\"bold\":false,\"line-height\":\"1_6\",\"font-size\":0.875,\"margin-top\":20,\"margin-bottom\":20},\"link\":{\"letter-spacing\":\"1\",\"font-size\":1,\"line-height\":\"1_8\",\"text-color\":\"palette-1-base\",\"margin-top\":20,\"margin-bottom\":20,\"color\":false,\"border\":\"1\",\"border-style\":false,\"border-color\":\"palette-1-base\",\"padding-bottom\":\"2px\",\"text-decoration\":\"none\"},\"button\":{\"letter-spacing\":\"1\",\"font-size\":1,\"line-height\":\"1_4\",\"color\":\"palette-1-light-2\",\"margin-top\":20,\"margin-bottom\":20,\"gradient\":\"none\",\"text-transform\":\"uppercase\",\"bold\":true,\"text-color\":\"body-alt-color\",\"button-shape\":\"round\",\"border-radius\":50},\"blockquote\":{\"font-style\":\"italic\",\"line-height\":\"1_6\",\"font-size\":1.25,\"indent\":20,\"border\":4,\"border-color\":\"palette-1-base\",\"margin-top\":20,\"margin-bottom\":20},\"metadata\":{\"font-size\":0.75,\"line-height\":\"1_4\",\"margin-top\":20,\"margin-bottom\":20},\"list\":{\"margin-top\":20,\"margin-bottom\":20},\"orderedlist\":{\"margin-top\":20,\"margin-bottom\":20},\"postContent\":{\"margin-top\":20,\"margin-bottom\":20},\"htmlBaseSize\":16,\"theme\":{\"gradient\":\"\",\"image\":\"\"}},\"id\":42458400}","title":"Knight Of Columbus SCC","siteStyleCss":"<style id=\"color-scheme\" color-scheme=\"u12\" color-style=\"multicolor-1\">.u-body {\n--custom-color-1: #b8943f;\n--custom-color-1-r: 184;\n--custom-color-1-g: 148;\n--custom-color-1-b: 63;\n--custom-color-1-contrast: white;\n--custom-color-1-darker: #a68539;\n--custom-color-1-contrast-darker: white;\n--custom-color-1-text-color: var(--body-alt-color);\n--custom-color-2: #e6231e;\n--custom-color-2-r: 230;\n--custom-color-2-g: 35;\n--custom-color-2-b: 30;\n--custom-color-2-contrast: white;\n--custom-color-2-darker: #d31c17;\n--custom-color-2-contrast-darker: white;\n--custom-color-2-text-color: var(--body-alt-color);\n--body-color: #3d3b3a;\n--body-color-r: 61;\n--body-color-g: 59;\n--body-color-b: 58;\n--body-color-contrast: white;\n--body-color-darker: #373534;\n--body-color-contrast-darker: white;\n--body-color-text-color: var(--body-alt-color);\n--body-alt-color: #ffffff;\n--body-alt-color-r: 255;\n--body-alt-color-g: 255;\n--body-alt-color-b: 255;\n--body-alt-color-contrast: black;\n--body-alt-color-darker: #e6e6e6;\n--body-alt-color-contrast-darker: black;\n--body-alt-color-text-color: var(--body-color);\n--bg-color: #ffffff;\n--bg-color-r: 255;\n--bg-color-g: 255;\n--bg-color-b: 255;\n--bg-color-contrast: black;\n--bg-color-darker: #e6e6e6;\n--bg-color-contrast-darker: black;\n--bg-color-text-color: var(--body-color);\n--palette-1-base: #f0885f;\n--palette-1-base-r: 240;\n--palette-1-base-g: 136;\n--palette-1-base-b: 95;\n--palette-1-base-contrast: white;\n--palette-1-base-darker: #ed7140;\n--palette-1-base-contrast-darker: white;\n--palette-1-base-text-color: var(--body-alt-color);\n--palette-1-dark-3: #332c29;\n--palette-1-dark-3-r: 51;\n--palette-1-dark-3-g: 44;\n--palette-1-dark-3-b: 41;\n--palette-1-dark-3-contrast: white;\n--palette-1-dark-3-darker: #2e2825;\n--palette-1-dark-3-contrast-darker: white;\n--palette-1-dark-3-text-color: var(--body-alt-color);\n--palette-1-dark-2: #72574c;\n--palette-1-dark-2-r: 114;\n--palette-1-dark-2-g: 87;\n--palette-1-dark-2-b: 76;\n--palette-1-dark-2-contrast: white;\n--palette-1-dark-2-darker: #674e44;\n--palette-1-dark-2-contrast-darker: white;\n--palette-1-dark-2-text-color: var(--body-alt-color);\n--palette-1-dark-1: #b1755e;\n--palette-1-dark-1-r: 177;\n--palette-1-dark-1-g: 117;\n--palette-1-dark-1-b: 94;\n--palette-1-dark-1-contrast: white;\n--palette-1-dark-1-darker: #a46750;\n--palette-1-dark-1-contrast-darker: white;\n--palette-1-dark-1-text-color: var(--body-alt-color);\n--palette-1: #f0885f;\n--palette-1-r: 240;\n--palette-1-g: 136;\n--palette-1-b: 95;\n--palette-1-contrast: white;\n--palette-1-darker: #ed7140;\n--palette-1-contrast-darker: white;\n--palette-1-text-color: var(--body-alt-color);\n--palette-1-light-1: #f5aa8d;\n--palette-1-light-1-r: 245;\n--palette-1-light-1-g: 170;\n--palette-1-light-1-b: 141;\n--palette-1-light-1-contrast: black;\n--palette-1-light-1-darker: #f2906a;\n--palette-1-light-1-contrast-darker: white;\n--palette-1-light-1-text-color: var(--body-color);\n--palette-1-light-2: #f9cebd;\n--palette-1-light-2-r: 249;\n--palette-1-light-2-g: 206;\n--palette-1-light-2-b: 189;\n--palette-1-light-2-contrast: black;\n--palette-1-light-2-darker: #f5b095;\n--palette-1-light-2-contrast-darker: black;\n--palette-1-light-2-text-color: var(--body-color);\n--palette-1-light-3: #fef3ee;\n--palette-1-light-3-r: 254;\n--palette-1-light-3-g: 243;\n--palette-1-light-3-b: 238;\n--palette-1-light-3-contrast: black;\n--palette-1-light-3-darker: #fbd2c0;\n--palette-1-light-3-contrast-darker: black;\n--palette-1-light-3-text-color: var(--body-color);\n--palette-2-base: #eccb93;\n--palette-2-base-r: 236;\n--palette-2-base-g: 203;\n--palette-2-base-b: 147;\n--palette-2-base-contrast: black;\n--palette-2-base-darker: #e6bb72;\n--palette-2-base-contrast-darker: black;\n--palette-2-base-text-color: var(--body-color);\n--palette-2-dark-3: #332f29;\n--palette-2-dark-3-r: 51;\n--palette-2-dark-3-g: 47;\n--palette-2-dark-3-b: 41;\n--palette-2-dark-3-contrast: white;\n--palette-2-dark-3-darker: #2e2a25;\n--palette-2-dark-3-contrast-darker: white;\n--palette-2-dark-3-text-color: var(--body-alt-color);\n--palette-2-dark-2: #665b4a;\n--palette-2-dark-2-r: 102;\n--palette-2-dark-2-g: 91;\n--palette-2-dark-2-b: 74;\n--palette-2-dark-2-contrast: white;\n--palette-2-dark-2-darker: #5c5243;\n--palette-2-dark-2-contrast-darker: white;\n--palette-2-dark-2-text-color: var(--body-alt-color);\n--palette-2-dark-1: #998564;\n--palette-2-dark-1-r: 153;\n--palette-2-dark-1-g: 133;\n--palette-2-dark-1-b: 100;\n--palette-2-dark-1-contrast: white;\n--palette-2-dark-1-darker: #8a785a;\n--palette-2-dark-1-contrast-darker: white;\n--palette-2-dark-1-text-color: var(--body-alt-color);\n--palette-2: #cbac76;\n--palette-2-r: 203;\n--palette-2-g: 172;\n--palette-2-b: 118;\n--palette-2-contrast: white;\n--palette-2-darker: #c29e5f;\n--palette-2-contrast-darker: white;\n--palette-2-text-color: var(--body-alt-color);\n--palette-2-light-1: #eccb93;\n--palette-2-light-1-r: 236;\n--palette-2-light-1-g: 203;\n--palette-2-light-1-b: 147;\n--palette-2-light-1-contrast: black;\n--palette-2-light-1-darker: #e6bb72;\n--palette-2-light-1-contrast-darker: black;\n--palette-2-light-1-text-color: var(--body-color);\n--palette-2-light-2: #f5e2c2;\n--palette-2-light-2-r: 245;\n--palette-2-light-2-g: 226;\n--palette-2-light-2-b: 194;\n--palette-2-light-2-contrast: black;\n--palette-2-light-2-darker: #efd09c;\n--palette-2-light-2-contrast-darker: black;\n--palette-2-light-2-text-color: var(--body-color);\n--palette-2-light-3: #fdfaf4;\n--palette-2-light-3-r: 253;\n--palette-2-light-3-g: 250;\n--palette-2-light-3-b: 244;\n--palette-2-light-3-contrast: black;\n--palette-2-light-3-darker: #f5e7ca;\n--palette-2-light-3-contrast-darker: black;\n--palette-2-light-3-text-color: var(--body-color);\n--palette-3-base: #625772;\n--palette-3-base-r: 98;\n--palette-3-base-g: 87;\n--palette-3-base-b: 114;\n--palette-3-base-contrast: white;\n--palette-3-base-darker: #584e67;\n--palette-3-base-contrast-darker: white;\n--palette-3-base-text-color: var(--body-alt-color);\n--palette-3-dark-3: #2d2933;\n--palette-3-dark-3-r: 45;\n--palette-3-dark-3-g: 41;\n--palette-3-dark-3-b: 51;\n--palette-3-dark-3-contrast: white;\n--palette-3-dark-3-darker: #29252e;\n--palette-3-dark-3-contrast-darker: white;\n--palette-3-dark-3-text-color: var(--body-alt-color);\n--palette-3-dark-2: #625772;\n--palette-3-dark-2-r: 98;\n--palette-3-dark-2-g: 87;\n--palette-3-dark-2-b: 114;\n--palette-3-dark-2-contrast: white;\n--palette-3-dark-2-darker: #584e67;\n--palette-3-dark-2-contrast-darker: white;\n--palette-3-dark-2-text-color: var(--body-alt-color);\n--palette-3-dark-1: #827692;\n--palette-3-dark-1-r: 130;\n--palette-3-dark-1-g: 118;\n--palette-3-dark-1-b: 146;\n--palette-3-dark-1-contrast: white;\n--palette-3-dark-1-darker: #756984;\n--palette-3-dark-1-contrast-darker: white;\n--palette-3-dark-1-text-color: var(--body-alt-color);\n--palette-3: #a399b3;\n--palette-3-r: 163;\n--palette-3-g: 153;\n--palette-3-b: 179;\n--palette-3-contrast: white;\n--palette-3-darker: #9286a5;\n--palette-3-contrast-darker: white;\n--palette-3-text-color: var(--body-alt-color);\n--palette-3-light-1: #bdb5ca;\n--palette-3-light-1-r: 189;\n--palette-3-light-1-g: 181;\n--palette-3-light-1-b: 202;\n--palette-3-light-1-contrast: white;\n--palette-3-light-1-darker: #a99fba;\n--palette-3-light-1-contrast-darker: white;\n--palette-3-light-1-text-color: var(--body-alt-color);\n--palette-3-light-2: #d9d3e1;\n--palette-3-light-2-r: 217;\n--palette-3-light-2-g: 211;\n--palette-3-light-2-b: 225;\n--palette-3-light-2-contrast: black;\n--palette-3-light-2-darker: #c3b9cf;\n--palette-3-light-2-contrast-darker: black;\n--palette-3-light-2-text-color: var(--body-color);\n--palette-3-light-3: #f5f4f7;\n--palette-3-light-3-r: 245;\n--palette-3-light-3-g: 244;\n--palette-3-light-3-b: 247;\n--palette-3-light-3-contrast: black;\n--palette-3-light-3-darker: #dbd8e2;\n--palette-3-light-3-contrast-darker: black;\n--palette-3-light-3-text-color: var(--body-color);\n--palette-4-base: #ecdb9e;\n--palette-4-base-r: 236;\n--palette-4-base-g: 219;\n--palette-4-base-b: 158;\n--palette-4-base-contrast: black;\n--palette-4-base-darker: #e6cf7d;\n--palette-4-base-contrast-darker: black;\n--palette-4-base-text-color: var(--body-color);\n--palette-4-dark-3: #333129;\n--palette-4-dark-3-r: 51;\n--palette-4-dark-3-g: 49;\n--palette-4-dark-3-b: 41;\n--palette-4-dark-3-contrast: white;\n--palette-4-dark-3-darker: #2e2c25;\n--palette-4-dark-3-contrast-darker: white;\n--palette-4-dark-3-text-color: var(--body-alt-color);\n--palette-4-dark-2: #655f4a;\n--palette-4-dark-2-r: 101;\n--palette-4-dark-2-g: 95;\n--palette-4-dark-2-b: 74;\n--palette-4-dark-2-contrast: white;\n--palette-4-dark-2-darker: #5b5643;\n--palette-4-dark-2-contrast-darker: white;\n--palette-4-dark-2-text-color: var(--body-alt-color);\n--palette-4-dark-1: #968c66;\n--palette-4-dark-1-r: 150;\n--palette-4-dark-1-g: 140;\n--palette-4-dark-1-b: 102;\n--palette-4-dark-1-contrast: white;\n--palette-4-dark-1-darker: #877e5c;\n--palette-4-dark-1-contrast-darker: white;\n--palette-4-dark-1-text-color: var(--body-alt-color);\n--palette-4: #c8b77c;\n--palette-4-r: 200;\n--palette-4-g: 183;\n--palette-4-b: 124;\n--palette-4-contrast: white;\n--palette-4-darker: #beaa65;\n--palette-4-contrast-darker: white;\n--palette-4-text-color: var(--body-alt-color);\n--palette-4-light-1: #ecdb9e;\n--palette-4-light-1-r: 236;\n--palette-4-light-1-g: 219;\n--palette-4-light-1-b: 158;\n--palette-4-light-1-contrast: black;\n--palette-4-light-1-darker: #e6cf7d;\n--palette-4-light-1-contrast-darker: black;\n--palette-4-light-1-text-color: var(--body-color);\n--palette-4-light-2: #f5ebc8;\n--palette-4-light-2-r: 245;\n--palette-4-light-2-g: 235;\n--palette-4-light-2-b: 200;\n--palette-4-light-2-contrast: black;\n--palette-4-light-2-darker: #eedda2;\n--palette-4-light-2-contrast-darker: black;\n--palette-4-light-2-text-color: var(--body-color);\n--palette-4-light-3: #fdfbf5;\n--palette-4-light-3-r: 253;\n--palette-4-light-3-g: 251;\n--palette-4-light-3-b: 245;\n--palette-4-light-3-contrast: black;\n--palette-4-light-3-darker: #f5eacc;\n--palette-4-light-3-contrast-darker: black;\n--palette-4-light-3-text-color: var(--body-color);\n--palette-5-base: #a3dcec;\n--palette-5-base-r: 163;\n--palette-5-base-g: 220;\n--palette-5-base-b: 236;\n--palette-5-base-contrast: black;\n--palette-5-base-darker: #82cfe5;\n--palette-5-base-contrast-darker: black;\n--palette-5-base-text-color: var(--body-color);\n--palette-5-dark-3: #293133;\n--palette-5-dark-3-r: 41;\n--palette-5-dark-3-g: 49;\n--palette-5-dark-3-b: 51;\n--palette-5-dark-3-contrast: white;\n--palette-5-dark-3-darker: #252c2e;\n--palette-5-dark-3-contrast-darker: white;\n--palette-5-dark-3-text-color: var(--body-alt-color);\n--palette-5-dark-2: #4b5e64;\n--palette-5-dark-2-r: 75;\n--palette-5-dark-2-g: 94;\n--palette-5-dark-2-b: 100;\n--palette-5-dark-2-contrast: white;\n--palette-5-dark-2-darker: #44555a;\n--palette-5-dark-2-contrast-darker: white;\n--palette-5-dark-2-text-color: var(--body-alt-color);\n--palette-5-dark-1: #678b95;\n--palette-5-dark-1-r: 103;\n--palette-5-dark-1-g: 139;\n--palette-5-dark-1-b: 149;\n--palette-5-dark-1-contrast: white;\n--palette-5-dark-1-darker: #5d7d86;\n--palette-5-dark-1-contrast-darker: white;\n--palette-5-dark-1-text-color: var(--body-alt-color);\n--palette-5: #7eb6c6;\n--palette-5-r: 126;\n--palette-5-g: 182;\n--palette-5-b: 198;\n--palette-5-contrast: white;\n--palette-5-darker: #68a9bc;\n--palette-5-contrast-darker: white;\n--palette-5-text-color: var(--body-alt-color);\n--palette-5-light-1: #a3dcec;\n--palette-5-light-1-r: 163;\n--palette-5-light-1-g: 220;\n--palette-5-light-1-b: 236;\n--palette-5-light-1-contrast: black;\n--palette-5-light-1-darker: #82cfe5;\n--palette-5-light-1-contrast-darker: black;\n--palette-5-light-1-text-color: var(--body-color);\n--palette-5-light-2: #cbebf5;\n--palette-5-light-2-r: 203;\n--palette-5-light-2-g: 235;\n--palette-5-light-2-b: 245;\n--palette-5-light-2-contrast: black;\n--palette-5-light-2-darker: #a5ddee;\n--palette-5-light-2-contrast-darker: black;\n--palette-5-light-2-text-color: var(--body-color);\n--palette-5-light-3: #f5fbfd;\n--palette-5-light-3-r: 245;\n--palette-5-light-3-g: 251;\n--palette-5-light-3-b: 253;\n--palette-5-light-3-contrast: black;\n--palette-5-light-3-darker: #cceaf5;\n--palette-5-light-3-contrast-darker: black;\n--palette-5-light-3-text-color: var(--body-color);\n--grey-40: #999999;\n--grey-40-r: 153;\n--grey-40-g: 153;\n--grey-40-b: 153;\n--grey-40-contrast: white;\n--grey-40-darker: #8a8a8a;\n--grey-40-contrast-darker: white;\n--grey-40-text-color: var(--body-alt-color);\n--grey-30: #b3b3b3;\n--grey-30-r: 179;\n--grey-30-g: 179;\n--grey-30-b: 179;\n--grey-30-contrast: white;\n--grey-30-darker: #a1a1a1;\n--grey-30-contrast-darker: white;\n--grey-30-text-color: var(--body-alt-color);\n--grey-25: #c0c0c0;\n--grey-25-r: 192;\n--grey-25-g: 192;\n--grey-25-b: 192;\n--grey-25-contrast: black;\n--grey-25-darker: #adadad;\n--grey-25-contrast-darker: white;\n--grey-25-text-color: var(--body-color);\n--white: #ffffff;\n--white-r: 255;\n--white-g: 255;\n--white-b: 255;\n--white-contrast: black;\n--white-darker: #e6e6e6;\n--white-contrast-darker: black;\n--white-text-color: var(--body-color);\n--grey-15: #d9d9d9;\n--grey-15-r: 217;\n--grey-15-g: 217;\n--grey-15-b: 217;\n--grey-15-contrast: black;\n--grey-15-darker: #c3c3c3;\n--grey-15-contrast-darker: black;\n--grey-15-text-color: var(--body-color);\n--grey-10: #e5e5e5;\n--grey-10-r: 229;\n--grey-10-g: 229;\n--grey-10-b: 229;\n--grey-10-contrast: black;\n--grey-10-darker: #cecece;\n--grey-10-contrast-darker: black;\n--grey-10-text-color: var(--body-color);\n--grey-5: #f2f2f2;\n--grey-5-r: 242;\n--grey-5-g: 242;\n--grey-5-b: 242;\n--grey-5-contrast: black;\n--grey-5-darker: #dadada;\n--grey-5-contrast-darker: black;\n--grey-5-text-color: var(--body-color);\n--grey-90: #1a1a1a;\n--grey-90-r: 26;\n--grey-90-g: 26;\n--grey-90-b: 26;\n--grey-90-contrast: white;\n--grey-90-darker: #171717;\n--grey-90-contrast-darker: white;\n--grey-90-text-color: var(--body-alt-color);\n--grey-80: #333333;\n--grey-80-r: 51;\n--grey-80-g: 51;\n--grey-80-b: 51;\n--grey-80-contrast: white;\n--grey-80-darker: #2e2e2e;\n--grey-80-contrast-darker: white;\n--grey-80-text-color: var(--body-alt-color);\n--grey-75: #404040;\n--grey-75-r: 64;\n--grey-75-g: 64;\n--grey-75-b: 64;\n--grey-75-contrast: white;\n--grey-75-darker: #3a3a3a;\n--grey-75-contrast-darker: white;\n--grey-75-text-color: var(--body-alt-color);\n--black: #000000;\n--black-r: 0;\n--black-g: 0;\n--black-b: 0;\n--black-contrast: white;\n--black-darker: #000000;\n--black-contrast-darker: white;\n--black-text-color: var(--body-alt-color);\n--grey-70: #4d4d4d;\n--grey-70-r: 77;\n--grey-70-g: 77;\n--grey-70-b: 77;\n--grey-70-contrast: white;\n--grey-70-darker: #454545;\n--grey-70-contrast-darker: white;\n--grey-70-text-color: var(--body-alt-color);\n--grey-60: #666666;\n--grey-60-r: 102;\n--grey-60-g: 102;\n--grey-60-b: 102;\n--grey-60-contrast: white;\n--grey-60-darker: #5c5c5c;\n--grey-60-contrast-darker: white;\n--grey-60-text-color: var(--body-alt-color);\n--grey-50: #808080;\n--grey-50-r: 128;\n--grey-50-g: 128;\n--grey-50-b: 128;\n--grey-50-contrast: white;\n--grey-50-darker: #737373;\n--grey-50-contrast-darker: white;\n--grey-50-text-color: var(--body-alt-color);\n--grey-dark-3: #212121;\n--grey-dark-3-r: 33;\n--grey-dark-3-g: 33;\n--grey-dark-3-b: 33;\n--grey-dark-3-contrast: white;\n--grey-dark-3-darker: #1e1e1e;\n--grey-dark-3-contrast-darker: white;\n--grey-dark-3-text-color: var(--body-alt-color);\n--grey-dark-2: #333333;\n--grey-dark-2-r: 51;\n--grey-dark-2-g: 51;\n--grey-dark-2-b: 51;\n--grey-dark-2-contrast: white;\n--grey-dark-2-darker: #2e2e2e;\n--grey-dark-2-contrast-darker: white;\n--grey-dark-2-text-color: var(--body-alt-color);\n--grey-dark-1: #454545;\n--grey-dark-1-r: 69;\n--grey-dark-1-g: 69;\n--grey-dark-1-b: 69;\n--grey-dark-1-contrast: white;\n--grey-dark-1-darker: #3e3e3e;\n--grey-dark-1-contrast-darker: white;\n--grey-dark-1-text-color: var(--body-alt-color);\n--grey: #b3b3b3;\n--grey-r: 179;\n--grey-g: 179;\n--grey-b: 179;\n--grey-contrast: white;\n--grey-darker: #a1a1a1;\n--grey-contrast-darker: white;\n--grey-text-color: var(--body-alt-color);\n--grey-light-1: #d9d9d9;\n--grey-light-1-r: 217;\n--grey-light-1-g: 217;\n--grey-light-1-b: 217;\n--grey-light-1-contrast: black;\n--grey-light-1-darker: #c3c3c3;\n--grey-light-1-contrast-darker: black;\n--grey-light-1-text-color: var(--body-color);\n--grey-light-2: #eeeeee;\n--grey-light-2-r: 238;\n--grey-light-2-g: 238;\n--grey-light-2-b: 238;\n--grey-light-2-contrast: black;\n--grey-light-2-darker: #d6d6d6;\n--grey-light-2-contrast-darker: black;\n--grey-light-2-text-color: var(--body-color);\n--grey-light-3: #f6f6f6;\n--grey-light-3-r: 246;\n--grey-light-3-g: 246;\n--grey-light-3-b: 246;\n--grey-light-3-contrast: black;\n--grey-light-3-darker: #dddddd;\n--grey-light-3-contrast-darker: black;\n--grey-light-3-text-color: var(--body-color);\n--color-1-base: #f0885f;\n--color-1-base-r: 240;\n--color-1-base-g: 136;\n--color-1-base-b: 95;\n--color-1-base-contrast: white;\n--color-1-base-darker: #ed7140;\n--color-1-base-contrast-darker: white;\n--color-1-base-text-color: var(--body-alt-color);\n--color-1-dark-3: #332c29;\n--color-1-dark-3-r: 51;\n--color-1-dark-3-g: 44;\n--color-1-dark-3-b: 41;\n--color-1-dark-3-contrast: white;\n--color-1-dark-3-darker: #2e2825;\n--color-1-dark-3-contrast-darker: white;\n--color-1-dark-3-text-color: var(--body-alt-color);\n--color-1-dark-2: #72574c;\n--color-1-dark-2-r: 114;\n--color-1-dark-2-g: 87;\n--color-1-dark-2-b: 76;\n--color-1-dark-2-contrast: white;\n--color-1-dark-2-darker: #674e44;\n--color-1-dark-2-contrast-darker: white;\n--color-1-dark-2-text-color: var(--body-alt-color);\n--color-1-dark-1: #b1755e;\n--color-1-dark-1-r: 177;\n--color-1-dark-1-g: 117;\n--color-1-dark-1-b: 94;\n--color-1-dark-1-contrast: white;\n--color-1-dark-1-darker: #a46750;\n--color-1-dark-1-contrast-darker: white;\n--color-1-dark-1-text-color: var(--body-alt-color);\n--color-1: #f0885f;\n--color-1-r: 240;\n--color-1-g: 136;\n--color-1-b: 95;\n--color-1-contrast: white;\n--color-1-darker: #ed7140;\n--color-1-contrast-darker: white;\n--color-1-text-color: var(--body-alt-color);\n--color-1-light-1: #f5aa8d;\n--color-1-light-1-r: 245;\n--color-1-light-1-g: 170;\n--color-1-light-1-b: 141;\n--color-1-light-1-contrast: black;\n--color-1-light-1-darker: #f2906a;\n--color-1-light-1-contrast-darker: white;\n--color-1-light-1-text-color: var(--body-color);\n--color-1-light-2: #f9cebd;\n--color-1-light-2-r: 249;\n--color-1-light-2-g: 206;\n--color-1-light-2-b: 189;\n--color-1-light-2-contrast: black;\n--color-1-light-2-darker: #f5b095;\n--color-1-light-2-contrast-darker: black;\n--color-1-light-2-text-color: var(--body-color);\n--color-1-light-3: #fef3ee;\n--color-1-light-3-r: 254;\n--color-1-light-3-g: 243;\n--color-1-light-3-b: 238;\n--color-1-light-3-contrast: black;\n--color-1-light-3-darker: #fbd2c0;\n--color-1-light-3-contrast-darker: black;\n--color-1-light-3-text-color: var(--body-color);\n--color-2-base: #eccb93;\n--color-2-base-r: 236;\n--color-2-base-g: 203;\n--color-2-base-b: 147;\n--color-2-base-contrast: black;\n--color-2-base-darker: #e6bb72;\n--color-2-base-contrast-darker: black;\n--color-2-base-text-color: var(--body-color);\n--color-2-dark-3: #332f29;\n--color-2-dark-3-r: 51;\n--color-2-dark-3-g: 47;\n--color-2-dark-3-b: 41;\n--color-2-dark-3-contrast: white;\n--color-2-dark-3-darker: #2e2a25;\n--color-2-dark-3-contrast-darker: white;\n--color-2-dark-3-text-color: var(--body-alt-color);\n--color-2-dark-2: #665b4a;\n--color-2-dark-2-r: 102;\n--color-2-dark-2-g: 91;\n--color-2-dark-2-b: 74;\n--color-2-dark-2-contrast: white;\n--color-2-dark-2-darker: #5c5243;\n--color-2-dark-2-contrast-darker: white;\n--color-2-dark-2-text-color: var(--body-alt-color);\n--color-2-dark-1: #998564;\n--color-2-dark-1-r: 153;\n--color-2-dark-1-g: 133;\n--color-2-dark-1-b: 100;\n--color-2-dark-1-contrast: white;\n--color-2-dark-1-darker: #8a785a;\n--color-2-dark-1-contrast-darker: white;\n--color-2-dark-1-text-color: var(--body-alt-color);\n--color-2: #cbac76;\n--color-2-r: 203;\n--color-2-g: 172;\n--color-2-b: 118;\n--color-2-contrast: white;\n--color-2-darker: #c29e5f;\n--color-2-contrast-darker: white;\n--color-2-text-color: var(--body-alt-color);\n--color-2-light-1: #eccb93;\n--color-2-light-1-r: 236;\n--color-2-light-1-g: 203;\n--color-2-light-1-b: 147;\n--color-2-light-1-contrast: black;\n--color-2-light-1-darker: #e6bb72;\n--color-2-light-1-contrast-darker: black;\n--color-2-light-1-text-color: var(--body-color);\n--color-2-light-2: #f5e2c2;\n--color-2-light-2-r: 245;\n--color-2-light-2-g: 226;\n--color-2-light-2-b: 194;\n--color-2-light-2-contrast: black;\n--color-2-light-2-darker: #efd09c;\n--color-2-light-2-contrast-darker: black;\n--color-2-light-2-text-color: var(--body-color);\n--color-2-light-3: #fdfaf4;\n--color-2-light-3-r: 253;\n--color-2-light-3-g: 250;\n--color-2-light-3-b: 244;\n--color-2-light-3-contrast: black;\n--color-2-light-3-darker: #f5e7ca;\n--color-2-light-3-contrast-darker: black;\n--color-2-light-3-text-color: var(--body-color);\n--color-3-base: #625772;\n--color-3-base-r: 98;\n--color-3-base-g: 87;\n--color-3-base-b: 114;\n--color-3-base-contrast: white;\n--color-3-base-darker: #584e67;\n--color-3-base-contrast-darker: white;\n--color-3-base-text-color: var(--body-alt-color);\n--color-3-dark-3: #2d2933;\n--color-3-dark-3-r: 45;\n--color-3-dark-3-g: 41;\n--color-3-dark-3-b: 51;\n--color-3-dark-3-contrast: white;\n--color-3-dark-3-darker: #29252e;\n--color-3-dark-3-contrast-darker: white;\n--color-3-dark-3-text-color: var(--body-alt-color);\n--color-3-dark-2: #625772;\n--color-3-dark-2-r: 98;\n--color-3-dark-2-g: 87;\n--color-3-dark-2-b: 114;\n--color-3-dark-2-contrast: white;\n--color-3-dark-2-darker: #584e67;\n--color-3-dark-2-contrast-darker: white;\n--color-3-dark-2-text-color: var(--body-alt-color);\n--color-3-dark-1: #827692;\n--color-3-dark-1-r: 130;\n--color-3-dark-1-g: 118;\n--color-3-dark-1-b: 146;\n--color-3-dark-1-contrast: white;\n--color-3-dark-1-darker: #756984;\n--color-3-dark-1-contrast-darker: white;\n--color-3-dark-1-text-color: var(--body-alt-color);\n--color-3: #a399b3;\n--color-3-r: 163;\n--color-3-g: 153;\n--color-3-b: 179;\n--color-3-contrast: white;\n--color-3-darker: #9286a5;\n--color-3-contrast-darker: white;\n--color-3-text-color: var(--body-alt-color);\n--color-3-light-1: #bdb5ca;\n--color-3-light-1-r: 189;\n--color-3-light-1-g: 181;\n--color-3-light-1-b: 202;\n--color-3-light-1-contrast: white;\n--color-3-light-1-darker: #a99fba;\n--color-3-light-1-contrast-darker: white;\n--color-3-light-1-text-color: var(--body-alt-color);\n--color-3-light-2: #d9d3e1;\n--color-3-light-2-r: 217;\n--color-3-light-2-g: 211;\n--color-3-light-2-b: 225;\n--color-3-light-2-contrast: black;\n--color-3-light-2-darker: #c3b9cf;\n--color-3-light-2-contrast-darker: black;\n--color-3-light-2-text-color: var(--body-color);\n--color-3-light-3: #f5f4f7;\n--color-3-light-3-r: 245;\n--color-3-light-3-g: 244;\n--color-3-light-3-b: 247;\n--color-3-light-3-contrast: black;\n--color-3-light-3-darker: #dbd8e2;\n--color-3-light-3-contrast-darker: black;\n--color-3-light-3-text-color: var(--body-color);\n--color-4-base: #ecdb9e;\n--color-4-base-r: 236;\n--color-4-base-g: 219;\n--color-4-base-b: 158;\n--color-4-base-contrast: black;\n--color-4-base-darker: #e6cf7d;\n--color-4-base-contrast-darker: black;\n--color-4-base-text-color: var(--body-color);\n--color-4-dark-3: #333129;\n--color-4-dark-3-r: 51;\n--color-4-dark-3-g: 49;\n--color-4-dark-3-b: 41;\n--color-4-dark-3-contrast: white;\n--color-4-dark-3-darker: #2e2c25;\n--color-4-dark-3-contrast-darker: white;\n--color-4-dark-3-text-color: var(--body-alt-color);\n--color-4-dark-2: #655f4a;\n--color-4-dark-2-r: 101;\n--color-4-dark-2-g: 95;\n--color-4-dark-2-b: 74;\n--color-4-dark-2-contrast: white;\n--color-4-dark-2-darker: #5b5643;\n--color-4-dark-2-contrast-darker: white;\n--color-4-dark-2-text-color: var(--body-alt-color);\n--color-4-dark-1: #968c66;\n--color-4-dark-1-r: 150;\n--color-4-dark-1-g: 140;\n--color-4-dark-1-b: 102;\n--color-4-dark-1-contrast: white;\n--color-4-dark-1-darker: #877e5c;\n--color-4-dark-1-contrast-darker: white;\n--color-4-dark-1-text-color: var(--body-alt-color);\n--color-4: #c8b77c;\n--color-4-r: 200;\n--color-4-g: 183;\n--color-4-b: 124;\n--color-4-contrast: white;\n--color-4-darker: #beaa65;\n--color-4-contrast-darker: white;\n--color-4-text-color: var(--body-alt-color);\n--color-4-light-1: #ecdb9e;\n--color-4-light-1-r: 236;\n--color-4-light-1-g: 219;\n--color-4-light-1-b: 158;\n--color-4-light-1-contrast: black;\n--color-4-light-1-darker: #e6cf7d;\n--color-4-light-1-contrast-darker: black;\n--color-4-light-1-text-color: var(--body-color);\n--color-4-light-2: #f5ebc8;\n--color-4-light-2-r: 245;\n--color-4-light-2-g: 235;\n--color-4-light-2-b: 200;\n--color-4-light-2-contrast: black;\n--color-4-light-2-darker: #eedda2;\n--color-4-light-2-contrast-darker: black;\n--color-4-light-2-text-color: var(--body-color);\n--color-4-light-3: #fdfbf5;\n--color-4-light-3-r: 253;\n--color-4-light-3-g: 251;\n--color-4-light-3-b: 245;\n--color-4-light-3-contrast: black;\n--color-4-light-3-darker: #f5eacc;\n--color-4-light-3-contrast-darker: black;\n--color-4-light-3-text-color: var(--body-color);\n--color-5-base: #a3dcec;\n--color-5-base-r: 163;\n--color-5-base-g: 220;\n--color-5-base-b: 236;\n--color-5-base-contrast: black;\n--color-5-base-darker: #82cfe5;\n--color-5-base-contrast-darker: black;\n--color-5-base-text-color: var(--body-color);\n--color-5-dark-3: #293133;\n--color-5-dark-3-r: 41;\n--color-5-dark-3-g: 49;\n--color-5-dark-3-b: 51;\n--color-5-dark-3-contrast: white;\n--color-5-dark-3-darker: #252c2e;\n--color-5-dark-3-contrast-darker: white;\n--color-5-dark-3-text-color: var(--body-alt-color);\n--color-5-dark-2: #4b5e64;\n--color-5-dark-2-r: 75;\n--color-5-dark-2-g: 94;\n--color-5-dark-2-b: 100;\n--color-5-dark-2-contrast: white;\n--color-5-dark-2-darker: #44555a;\n--color-5-dark-2-contrast-darker: white;\n--color-5-dark-2-text-color: var(--body-alt-color);\n--color-5-dark-1: #678b95;\n--color-5-dark-1-r: 103;\n--color-5-dark-1-g: 139;\n--color-5-dark-1-b: 149;\n--color-5-dark-1-contrast: white;\n--color-5-dark-1-darker: #5d7d86;\n--color-5-dark-1-contrast-darker: white;\n--color-5-dark-1-text-color: var(--body-alt-color);\n--color-5: #7eb6c6;\n--color-5-r: 126;\n--color-5-g: 182;\n--color-5-b: 198;\n--color-5-contrast: white;\n--color-5-darker: #68a9bc;\n--color-5-contrast-darker: white;\n--color-5-text-color: var(--body-alt-color);\n--color-5-light-1: #a3dcec;\n--color-5-light-1-r: 163;\n--color-5-light-1-g: 220;\n--color-5-light-1-b: 236;\n--color-5-light-1-contrast: black;\n--color-5-light-1-darker: #82cfe5;\n--color-5-light-1-contrast-darker: black;\n--color-5-light-1-text-color: var(--body-color);\n--color-5-light-2: #cbebf5;\n--color-5-light-2-r: 203;\n--color-5-light-2-g: 235;\n--color-5-light-2-b: 245;\n--color-5-light-2-contrast: black;\n--color-5-light-2-darker: #a5ddee;\n--color-5-light-2-contrast-darker: black;\n--color-5-light-2-text-color: var(--body-color);\n--color-5-light-3: #f5fbfd;\n--color-5-light-3-r: 245;\n--color-5-light-3-g: 251;\n--color-5-light-3-b: 253;\n--color-5-light-3-contrast: black;\n--color-5-light-3-darker: #cceaf5;\n--color-5-light-3-contrast-darker: black;\n--color-5-light-3-text-color: var(--body-color);\n--white-contrast: var(--body-color);\n--shading-contrast: var(--body-alt-color);\n--bg-contrast: var(--body-color);\n}.u-custom-color-1,\n        .u-body.u-custom-color-1,\n        .u-container-style.u-custom-color-1:before\n        {\n            color: var(--custom-color-1-text-color);\n            background-color: var(--custom-color-1);\n        }\n\n        .u-button-style.u-custom-color-1,\n        .u-button-style.u-custom-color-1[class*=\"u-border-\"]\n        {\n            color: var(--custom-color-1-text-color) !important;\n            background-color: var(--custom-color-1) !important;\n        }\n\n        .u-button-style.u-custom-color-1:hover,\n        .u-button-style.u-custom-color-1[class*=\"u-border-\"]:hover\n        {\n            color: var(--custom-color-1-contrast-darker) !important;\n            background-color: var(--custom-color-1-darker) !important;\n        }\n\n        a.u-button-style.u-hover-custom-color-1:hover,\n        a.u-button-style.u-hover-custom-color-1[class*=\"u-border-\"]:hover,\n        a.u-btn.u-active-custom-color-1[href]:active,\n        a.u-btn.u-active-custom-color-1[class*=\"u-border-\"][href]:active,\n        a.u-nav-link.u-active-custom-color-1[href].active,\n        a.u-nav-link.u-active-custom-color-1[class*=\"u-border-\"][href].active\n        {\n            color: var(--custom-color-1-text-color) !important;\n            background-color: var(--custom-color-1) !important;\n        }\n\n        a.u-link.u-hover-custom-color-1:hover {\n            color: var(--custom-color-1) !important;\n        }\n\n        \n        \n        .u-custom-color-2,\n        .u-body.u-custom-color-2,\n        .u-container-style.u-custom-color-2:before\n        {\n            color: var(--custom-color-2-text-color);\n            background-color: var(--custom-color-2);\n        }\n\n        .u-button-style.u-custom-color-2,\n        .u-button-style.u-custom-color-2[class*=\"u-border-\"]\n        {\n            color: var(--custom-color-2-text-color) !important;\n            background-color: var(--custom-color-2) !important;\n        }\n\n        .u-button-style.u-custom-color-2:hover,\n        .u-button-style.u-custom-color-2[class*=\"u-border-\"]:hover\n        {\n            color: var(--custom-color-2-contrast-darker) !important;\n            background-color: var(--custom-color-2-darker) !important;\n        }\n\n        a.u-button-style.u-hover-custom-color-2:hover,\n        a.u-button-style.u-hover-custom-color-2[class*=\"u-border-\"]:hover,\n        a.u-btn.u-active-custom-color-2[href]:active,\n        a.u-btn.u-active-custom-color-2[class*=\"u-border-\"][href]:active,\n        a.u-nav-link.u-active-custom-color-2[href].active,\n        a.u-nav-link.u-active-custom-color-2[class*=\"u-border-\"][href].active\n        {\n            color: var(--custom-color-2-text-color) !important;\n            background-color: var(--custom-color-2) !important;\n        }\n\n        a.u-link.u-hover-custom-color-2:hover {\n            color: var(--custom-color-2) !important;\n        }\n\n        \n\n        \n        .u-border-custom-color-1,\n        .u-separator-custom-color-1:after\n        {\n            border-color: var(--custom-color-1);\n        }\n\n        .u-link.u-border-custom-color-1[class*=\"u-border-\"]\n        {\n            border-color: var(--custom-color-1);\n        }\n\n        .u-link.u-border-custom-color-1[class*=\"u-border-\"]:hover\n        {\n            border-color: var(--custom-color-1-darker);\n        }\n\n        .u-btn.u-border-custom-color-1\n        {\n            color: var(--custom-color-1) !important;\n        }\n\n        .u-button-style.u-border-custom-color-1\n        {\n            border-color: var(--custom-color-1) !important;\n            background-color: transparent !important;\n        }\n\n        .u-btn.u-border-custom-color-1:hover\n        {\n            color: var(--custom-color-1-text-color) !important;\n            background-color: var(--custom-color-1) !important;\n        }\n\n        a.u-btn.u-border-hover-custom-color-1:hover,\n        a.u-btn.u-border-active-custom-color-1[href]:active\n        {\n            color: var(--custom-color-1) !important;\n            background-color: transparent !important;\n        }\n\n        a.u-button-style.u-border-hover-custom-color-1:hover,\n        a.u-button-style.u-border-active-custom-color-1[href]:active,\n        a.u-nav-link.u-border-active-custom-color-1[href].active\n        {\n            border-color: var(--custom-color-1) !important;\n        }\n        \n        \n        .u-border-custom-color-2,\n        .u-separator-custom-color-2:after\n        {\n            border-color: var(--custom-color-2);\n        }\n\n        .u-link.u-border-custom-color-2[class*=\"u-border-\"]\n        {\n            border-color: var(--custom-color-2);\n        }\n\n        .u-link.u-border-custom-color-2[class*=\"u-border-\"]:hover\n        {\n            border-color: var(--custom-color-2-darker);\n        }\n\n        .u-btn.u-border-custom-color-2\n        {\n            color: var(--custom-color-2) !important;\n        }\n\n        .u-button-style.u-border-custom-color-2\n        {\n            border-color: var(--custom-color-2) !important;\n            background-color: transparent !important;\n        }\n\n        .u-btn.u-border-custom-color-2:hover\n        {\n            color: var(--custom-color-2-text-color) !important;\n            background-color: var(--custom-color-2) !important;\n        }\n\n        a.u-btn.u-border-hover-custom-color-2:hover,\n        a.u-btn.u-border-active-custom-color-2[href]:active\n        {\n            color: var(--custom-color-2) !important;\n            background-color: transparent !important;\n        }\n\n        a.u-button-style.u-border-hover-custom-color-2:hover,\n        a.u-button-style.u-border-active-custom-color-2[href]:active,\n        a.u-nav-link.u-border-active-custom-color-2[href].active\n        {\n            border-color: var(--custom-color-2) !important;\n        }\n        \n\n        \n        .u-text-custom-color-1,\n        .u-text-custom-color-1 a,\n        a.u-button-style.u-text-custom-color-1,\n        a.u-button-style.u-text-custom-color-1[class*=\"u-border-\"]\n        {\n            color: var(--custom-color-1) !important;\n        }\n\n        .u-link.u-text-custom-color-1:hover,\n        a.u-nav-link.u-text-custom-color-1:hover\n        {\n            color: var(--custom-color-1-darker) !important;\n        }\n\n        a.u-link.u-text-hover-custom-color-1:hover,\n        :not(.level-2) > .u-nav > .u-nav-item > a.u-nav-link.u-text-hover-custom-color-1:hover,\n        :not(.level-2) > .u-nav > .u-nav-item > a.u-nav-link.u-text-active-custom-color-1.active,\n        .u-popupmenu-items.u-text-hover-custom-color-1:hover .u-nav-link,\n        .u-popupmenu-items.u-text-hover-custom-color-1.active .u-nav-link\n        {\n            color: var(--custom-color-1) !important;\n        }\n\n        .u-text-custom-color-1 svg\n        {\n            fill: var(--custom-color-1);\n        }\n        \n        \n        .u-text-custom-color-2,\n        .u-text-custom-color-2 a,\n        a.u-button-style.u-text-custom-color-2,\n        a.u-button-style.u-text-custom-color-2[class*=\"u-border-\"]\n        {\n            color: var(--custom-color-2) !important;\n        }\n\n        .u-link.u-text-custom-color-2:hover,\n        a.u-nav-link.u-text-custom-color-2:hover\n        {\n            color: var(--custom-color-2-darker) !important;\n        }\n\n        a.u-link.u-text-hover-custom-color-2:hover,\n        :not(.level-2) > .u-nav > .u-nav-item > a.u-nav-link.u-text-hover-custom-color-2:hover,\n        :not(.level-2) > .u-nav > .u-nav-item > a.u-nav-link.u-text-active-custom-color-2.active,\n        .u-popupmenu-items.u-text-hover-custom-color-2:hover .u-nav-link,\n        .u-popupmenu-items.u-text-hover-custom-color-2.active .u-nav-link\n        {\n            color: var(--custom-color-2) !important;\n        }\n\n        .u-text-custom-color-2 svg\n        {\n            fill: var(--custom-color-2);\n        }</style><style id=\"typography\" typography=\"custom-page-typography-6\">.u-body {\n  --title-font-weight: 700;\n  --title-text-transform: capitalize;\n  --title-line-height: 1.1;\n  --title-font-size: 6rem;\n  --title-margin-top: 20px;\n  --title-margin-bottom: 20px;\n  --subtitle-font-weight: 700;\n  --subtitle-text-transform: capitalize;\n  --subtitle-line-height: 1.2;\n  --subtitle-font-size: 2.25rem;\n  --subtitle-margin-top: 20px;\n  --subtitle-margin-bottom: 20px;\n  --h1-font-weight: 700;\n  --h1-text-transform: capitalize;\n  --h1-line-height: 1.1;\n  --h1-font-size: 3.75rem;\n  --h1-margin-top: 20px;\n  --h1-margin-bottom: 20px;\n  --h2-font-weight: 700;\n  --h2-text-transform: capitalize;\n  --h2-line-height: 1.2;\n  --h2-font-size: 2.25rem;\n  --h2-margin-top: 20px;\n  --h2-margin-bottom: 20px;\n  --h3-font-weight: 700;\n  --h3-text-transform: capitalize;\n  --h3-line-height: 1.2;\n  --h3-font-size: 1.875rem;\n  --h3-margin-top: 20px;\n  --h3-margin-bottom: 20px;\n  --h4-font-weight: 700;\n  --h4-text-transform: capitalize;\n  --h4-line-height: 1.2;\n  --h4-font-size: 1.5rem;\n  --h4-margin-top: 20px;\n  --h4-margin-bottom: 20px;\n  --h5-font-weight: 700;\n  --h5-text-transform: capitalize;\n  --h5-line-height: 1.2;\n  --h5-font-size: 1.25rem;\n  --h5-margin-top: 20px;\n  --h5-margin-bottom: 20px;\n  --h6-font-weight: 700;\n  --h6-text-transform: capitalize;\n  --h6-line-height: 1.2;\n  --h6-font-size: 1.125rem;\n  --h6-margin-top: 20px;\n  --h6-margin-bottom: 20px;\n  --largeText-font-weight: 400;\n  --largeText-line-height: 1.6;\n  --largeText-font-size: 1rem;\n  --largeText-margin-top: 20px;\n  --largeText-margin-bottom: 20px;\n  --text-font-weight: 400;\n  --text-line-height: 1.8;\n  --text-font-size: 1.125rem;\n  --text-margin-top: 20px;\n  --text-margin-bottom: 20px;\n  --smallText-font-weight: 400;\n  --smallText-line-height: 1.6;\n  --smallText-font-size: 0.875rem;\n  --smallText-margin-top: 20px;\n  --smallText-margin-bottom: 20px;\n  --link-letter-spacing: 1px;\n  --link-font-size: 1rem;\n  --link-line-height: 1.8;\n  --link-color: var(--palette-1-base);\n  --link-margin-top: 20px;\n  --link-margin-bottom: 20px;\n  --link-border-bottom-width: 1px;\n  --link-border-color: var(--palette-1-base);\n  --link-padding-bottom: 2pxpx;\n  --link-text-decoration: none;\n  --link-alt-text-color: var(--palette-1-light-2);\n  --link-alt-border-color: var(--palette-1-light-2);\n  --link-hover-color: var(--palette-1-base-darker);\n  --link-hover-border-color: var(--palette-1-base-darker);\n  --link-hover-text-decoration: none;\n  --link-hover-alt-text-color: var(--white-darker);\n  --link-hover-alt-border-color: var(--white-darker);\n  --button-letter-spacing: 1px;\n  --button-font-size: 1rem;\n  --button-line-height: 1.4;\n  --button-margin-top: 20px;\n  --button-margin-bottom: 20px;\n  --button-background-image: none;\n  --button-text-transform: uppercase;\n  --button-font-weight: bold;\n  --button-color: var(--body-alt-color);\n  --button-border-radius: 50px;\n  --button-background-color: var(--palette-1-light-2);\n  --button-color: var(--body-alt-color);\n  --button-hover-background-color: var(--palette-1-light-2-darker);\n  --button-hover-color: var(--body-alt-color-darker);\n  --blockquote-font-style: italic;\n  --blockquote-line-height: 1.6;\n  --blockquote-font-size: 1.25rem;\n  --blockquote-padding-left: 20px;\n  --blockquote-border-width: 4px;\n  --blockquote-border-color: var(--palette-1-base);\n  --blockquote-margin-top: 20px;\n  --blockquote-margin-bottom: 20px;\n  --metadata-font-size: 0.75rem;\n  --metadata-line-height: 1.4;\n  --metadata-margin-top: 20px;\n  --metadata-margin-bottom: 20px;\n  --list-margin-top: 20px;\n  --list-margin-bottom: 20px;\n  --orderedlist-margin-top: 20px;\n  --orderedlist-margin-bottom: 20px;\n  --postContent-margin-top: 20px;\n  --postContent-margin-bottom: 20px;\n}\n\nh1.u-title {\n  font-weight: var(--title-font-weight);\n  text-transform: var(--title-text-transform);\n  line-height: var(--title-line-height);\n  font-size: var(--title-font-size);\n  margin-top: var(--title-margin-top);\n  margin-bottom: var(--title-margin-bottom);\n}\n\nh2.u-subtitle {\n  font-weight: var(--subtitle-font-weight);\n  text-transform: var(--subtitle-text-transform);\n  line-height: var(--subtitle-line-height);\n  font-size: var(--subtitle-font-size);\n  margin-top: var(--subtitle-margin-top);\n  margin-bottom: var(--subtitle-margin-bottom);\n}\n\nh1:not(.u-title) {\n  font-weight: var(--h1-font-weight);\n  text-transform: var(--h1-text-transform);\n  line-height: var(--h1-line-height);\n  font-size: var(--h1-font-size);\n  margin-top: var(--h1-margin-top);\n  margin-bottom: var(--h1-margin-bottom);\n}\n\nh2:not(.u-subtitle) {\n  font-weight: var(--h2-font-weight);\n  text-transform: var(--h2-text-transform);\n  line-height: var(--h2-line-height);\n  font-size: var(--h2-font-size);\n  margin-top: var(--h2-margin-top);\n  margin-bottom: var(--h2-margin-bottom);\n}\n\nh3 {\n  font-weight: var(--h3-font-weight);\n  text-transform: var(--h3-text-transform);\n  line-height: var(--h3-line-height);\n  font-size: var(--h3-font-size);\n  margin-top: var(--h3-margin-top);\n  margin-bottom: var(--h3-margin-bottom);\n}\n\nh4 {\n  font-weight: var(--h4-font-weight);\n  text-transform: var(--h4-text-transform);\n  line-height: var(--h4-line-height);\n  font-size: var(--h4-font-size);\n  margin-top: var(--h4-margin-top);\n  margin-bottom: var(--h4-margin-bottom);\n}\n\nh5 {\n  font-weight: var(--h5-font-weight);\n  text-transform: var(--h5-text-transform);\n  line-height: var(--h5-line-height);\n  font-size: var(--h5-font-size);\n  margin-top: var(--h5-margin-top);\n  margin-bottom: var(--h5-margin-bottom);\n}\n\nh6 {\n  font-weight: var(--h6-font-weight);\n  text-transform: var(--h6-text-transform);\n  line-height: var(--h6-line-height);\n  font-size: var(--h6-font-size);\n  margin-top: var(--h6-margin-top);\n  margin-bottom: var(--h6-margin-bottom);\n}\n\np.u-large-text {\n  font-weight: var(--largeText-font-weight);\n  line-height: var(--largeText-line-height);\n  font-size: var(--largeText-font-size);\n  margin-top: var(--largeText-margin-top);\n  margin-bottom: var(--largeText-margin-bottom);\n}\n\np:not(.u-text-variant) {\n  font-weight: var(--text-font-weight);\n  line-height: var(--text-line-height);\n  font-size: var(--text-font-size);\n  margin-top: var(--text-margin-top);\n  margin-bottom: var(--text-margin-bottom);\n}\n\np.u-small-text {\n  font-weight: var(--smallText-font-weight);\n  line-height: var(--smallText-line-height);\n  font-size: var(--smallText-font-size);\n  margin-top: var(--smallText-margin-top);\n  margin-bottom: var(--smallText-margin-bottom);\n}\n\n.u-link, a {\n  letter-spacing: var(--link-letter-spacing);\n  font-size: var(--link-font-size);\n  line-height: var(--link-line-height);\n  margin-top: var(--link-margin-top);\n  margin-bottom: var(--link-margin-bottom);\n  border-bottom-width: var(--link-border-bottom-width);\n  padding-bottom: var(--link-padding-bottom);\n  text-decoration: var(--link-text-decoration);\n}\n\n.u-link:hover, a:hover {\n  text-decoration: var(--link-hover-text-decoration);\n}\n\n.u-btn {\n  letter-spacing: var(--button-letter-spacing);\n  font-size: var(--button-font-size);\n  line-height: var(--button-line-height);\n  margin-top: var(--button-margin-top);\n  margin-bottom: var(--button-margin-bottom);\n  background-image: var(--button-background-image);\n  text-transform: var(--button-text-transform);\n  font-weight: var(--button-font-weight);\n}\n\n.u-btn {\n  border-radius: var(--button-border-radius);\n}\n\nblockquote {\n  font-style: var(--blockquote-font-style);\n  line-height: var(--blockquote-line-height);\n  font-size: var(--blockquote-font-size);\n  padding-left: var(--blockquote-padding-left);\n  border-width: var(--blockquote-border-width);\n  margin-top: var(--blockquote-margin-top);\n  margin-bottom: var(--blockquote-margin-bottom);\n}\n\n.u-metadata {\n  font-size: var(--metadata-font-size);\n  line-height: var(--metadata-line-height);\n  margin-top: var(--metadata-margin-top);\n  margin-bottom: var(--metadata-margin-bottom);\n}\n\nul:not(.u-unstyled) {\n  margin-top: var(--list-margin-top);\n  margin-bottom: var(--list-margin-bottom);\n}\n\nol {\n  margin-top: var(--orderedlist-margin-top);\n  margin-bottom: var(--orderedlist-margin-bottom);\n}\n\n.u-post-content {\n  margin-top: var(--postContent-margin-top);\n  margin-bottom: var(--postContent-margin-bottom);\n}\n\n.u-overlap.u-overlap-transparent:not(.u-overlap-contrast) .u-header .u-link, .u-overlap.u-overlap-transparent:not(.u-overlap-contrast) .u-header a,\n.u-gradient > .u-container-layout > .u-link, .u-gradient > .u-container-layout > a,\n.u-image:not(.u-shading) > .u-container-layout > .u-link, .u-image:not(.u-shading) > .u-container-layout > a,\n.u-link, a {\n  color: var(--link-color);\n  border-color: var(--link-border-color);\n}\n\n.u-overlap.u-overlap-transparent:not(.u-overlap-contrast) .u-header .u-link:hover, .u-overlap.u-overlap-transparent:not(.u-overlap-contrast) .u-header a:hover,\n.u-gradient > .u-container-layout > .u-link:hover, .u-gradient > .u-container-layout > a:hover,\n.u-image:not(.u-shading) > .u-container-layout > .u-link:hover, .u-image:not(.u-shading) > .u-container-layout > a:hover,\n.u-link:hover, a:hover {\n  color: var(--link-hover-color);\n  border-color: var(--link-hover-border-color);\n}\n\n.u-overlap.u-overlap-transparent:not(.u-overlap-contrast) .u-header .u-btn,\n.u-gradient > .u-container-layout > .u-btn,\n.u-image:not(.u-shading) > .u-container-layout > .u-btn,\n.u-btn {\n  color: var(--button-color);\n}\n\n.u-overlap.u-overlap-transparent:not(.u-overlap-contrast) .u-header .u-btn,\n.u-gradient > .u-container-layout > .u-btn,\n.u-image:not(.u-shading) > .u-container-layout > .u-btn,\n.u-btn {\n  background-color: var(--button-background-color);\n  color: var(--button-color);\n}\n\n.u-overlap.u-overlap-transparent:not(.u-overlap-contrast) .u-header .u-btn:hover,\n.u-gradient > .u-container-layout > .u-btn:hover,\n.u-image:not(.u-shading) > .u-container-layout > .u-btn:hover,\n.u-btn:hover {\n  background-color: var(--button-hover-background-color);\n  color: var(--button-hover-color);\n}\n\n.u-overlap.u-overlap-transparent:not(.u-overlap-contrast) .u-header blockquote,\n.u-gradient > .u-container-layout > blockquote,\n.u-image:not(.u-shading) > .u-container-layout > blockquote,\nblockquote {\n  border-color: var(--blockquote-border-color);\n}\n\n.u-custom-color-1 .u-link, .u-custom-color-1 a,.u-custom-color-2 .u-link, .u-custom-color-2 a,.u-body-color .u-link, .u-body-color a,.u-palette-1-base .u-link, .u-palette-1-base a,.u-palette-1-dark-3 .u-link, .u-palette-1-dark-3 a,.u-palette-1-dark-2 .u-link, .u-palette-1-dark-2 a,.u-palette-1-dark-1 .u-link, .u-palette-1-dark-1 a,.u-palette-1 .u-link, .u-palette-1 a,.u-palette-2-dark-3 .u-link, .u-palette-2-dark-3 a,.u-palette-2-dark-2 .u-link, .u-palette-2-dark-2 a,.u-palette-2-dark-1 .u-link, .u-palette-2-dark-1 a,.u-palette-2 .u-link, .u-palette-2 a,.u-palette-3-base .u-link, .u-palette-3-base a,.u-palette-3-dark-3 .u-link, .u-palette-3-dark-3 a,.u-palette-3-dark-2 .u-link, .u-palette-3-dark-2 a,.u-palette-3-dark-1 .u-link, .u-palette-3-dark-1 a,.u-palette-3 .u-link, .u-palette-3 a,.u-palette-3-light-1 .u-link, .u-palette-3-light-1 a,.u-palette-4-dark-3 .u-link, .u-palette-4-dark-3 a,.u-palette-4-dark-2 .u-link, .u-palette-4-dark-2 a,.u-palette-4-dark-1 .u-link, .u-palette-4-dark-1 a,.u-palette-4 .u-link, .u-palette-4 a,.u-palette-5-dark-3 .u-link, .u-palette-5-dark-3 a,.u-palette-5-dark-2 .u-link, .u-palette-5-dark-2 a,.u-palette-5-dark-1 .u-link, .u-palette-5-dark-1 a,.u-palette-5 .u-link, .u-palette-5 a,.u-grey-40 .u-link, .u-grey-40 a,.u-grey-30 .u-link, .u-grey-30 a,.u-grey-90 .u-link, .u-grey-90 a,.u-grey-80 .u-link, .u-grey-80 a,.u-grey-75 .u-link, .u-grey-75 a,.u-black .u-link, .u-black a,.u-grey-70 .u-link, .u-grey-70 a,.u-grey-60 .u-link, .u-grey-60 a,.u-grey-50 .u-link, .u-grey-50 a,.u-grey-dark-3 .u-link, .u-grey-dark-3 a,.u-grey-dark-2 .u-link, .u-grey-dark-2 a,.u-grey-dark-1 .u-link, .u-grey-dark-1 a,.u-grey .u-link, .u-grey a,.u-shading .u-link, .u-shading a,.u-overlap-contrast .u-header .u-link, .u-overlap-contrast .u-header a { color: var(--link-alt-text-color); }\n.u-custom-color-1 .u-link, .u-custom-color-1 a,.u-custom-color-2 .u-link, .u-custom-color-2 a,.u-body-color .u-link, .u-body-color a,.u-palette-1-base .u-link, .u-palette-1-base a,.u-palette-1-dark-3 .u-link, .u-palette-1-dark-3 a,.u-palette-1-dark-2 .u-link, .u-palette-1-dark-2 a,.u-palette-1-dark-1 .u-link, .u-palette-1-dark-1 a,.u-palette-1 .u-link, .u-palette-1 a,.u-palette-2-dark-3 .u-link, .u-palette-2-dark-3 a,.u-palette-2-dark-2 .u-link, .u-palette-2-dark-2 a,.u-palette-2-dark-1 .u-link, .u-palette-2-dark-1 a,.u-palette-2 .u-link, .u-palette-2 a,.u-palette-3-base .u-link, .u-palette-3-base a,.u-palette-3-dark-3 .u-link, .u-palette-3-dark-3 a,.u-palette-3-dark-2 .u-link, .u-palette-3-dark-2 a,.u-palette-3-dark-1 .u-link, .u-palette-3-dark-1 a,.u-palette-3 .u-link, .u-palette-3 a,.u-palette-3-light-1 .u-link, .u-palette-3-light-1 a,.u-palette-4-dark-3 .u-link, .u-palette-4-dark-3 a,.u-palette-4-dark-2 .u-link, .u-palette-4-dark-2 a,.u-palette-4-dark-1 .u-link, .u-palette-4-dark-1 a,.u-palette-4 .u-link, .u-palette-4 a,.u-palette-5-dark-3 .u-link, .u-palette-5-dark-3 a,.u-palette-5-dark-2 .u-link, .u-palette-5-dark-2 a,.u-palette-5-dark-1 .u-link, .u-palette-5-dark-1 a,.u-palette-5 .u-link, .u-palette-5 a,.u-grey-40 .u-link, .u-grey-40 a,.u-grey-30 .u-link, .u-grey-30 a,.u-grey-90 .u-link, .u-grey-90 a,.u-grey-80 .u-link, .u-grey-80 a,.u-grey-75 .u-link, .u-grey-75 a,.u-black .u-link, .u-black a,.u-grey-70 .u-link, .u-grey-70 a,.u-grey-60 .u-link, .u-grey-60 a,.u-grey-50 .u-link, .u-grey-50 a,.u-grey-dark-3 .u-link, .u-grey-dark-3 a,.u-grey-dark-2 .u-link, .u-grey-dark-2 a,.u-grey-dark-1 .u-link, .u-grey-dark-1 a,.u-grey .u-link, .u-grey a { border-color: var(--link-alt-border-color); }\n.u-custom-color-1 .u-link:hover, .u-custom-color-1 a:hover,.u-custom-color-2 .u-link:hover, .u-custom-color-2 a:hover,.u-body-color .u-link:hover, .u-body-color a:hover,.u-palette-1-base .u-link:hover, .u-palette-1-base a:hover,.u-palette-1-dark-3 .u-link:hover, .u-palette-1-dark-3 a:hover,.u-palette-1-dark-2 .u-link:hover, .u-palette-1-dark-2 a:hover,.u-palette-1-dark-1 .u-link:hover, .u-palette-1-dark-1 a:hover,.u-palette-1 .u-link:hover, .u-palette-1 a:hover,.u-palette-2-dark-3 .u-link:hover, .u-palette-2-dark-3 a:hover,.u-palette-2-dark-2 .u-link:hover, .u-palette-2-dark-2 a:hover,.u-palette-2-dark-1 .u-link:hover, .u-palette-2-dark-1 a:hover,.u-palette-2 .u-link:hover, .u-palette-2 a:hover,.u-palette-3-base .u-link:hover, .u-palette-3-base a:hover,.u-palette-3-dark-3 .u-link:hover, .u-palette-3-dark-3 a:hover,.u-palette-3-dark-2 .u-link:hover, .u-palette-3-dark-2 a:hover,.u-palette-3-dark-1 .u-link:hover, .u-palette-3-dark-1 a:hover,.u-palette-3 .u-link:hover, .u-palette-3 a:hover,.u-palette-3-light-1 .u-link:hover, .u-palette-3-light-1 a:hover,.u-palette-4-dark-3 .u-link:hover, .u-palette-4-dark-3 a:hover,.u-palette-4-dark-2 .u-link:hover, .u-palette-4-dark-2 a:hover,.u-palette-4-dark-1 .u-link:hover, .u-palette-4-dark-1 a:hover,.u-palette-4 .u-link:hover, .u-palette-4 a:hover,.u-palette-5-dark-3 .u-link:hover, .u-palette-5-dark-3 a:hover,.u-palette-5-dark-2 .u-link:hover, .u-palette-5-dark-2 a:hover,.u-palette-5-dark-1 .u-link:hover, .u-palette-5-dark-1 a:hover,.u-palette-5 .u-link:hover, .u-palette-5 a:hover,.u-grey-40 .u-link:hover, .u-grey-40 a:hover,.u-grey-30 .u-link:hover, .u-grey-30 a:hover,.u-grey-90 .u-link:hover, .u-grey-90 a:hover,.u-grey-80 .u-link:hover, .u-grey-80 a:hover,.u-grey-75 .u-link:hover, .u-grey-75 a:hover,.u-black .u-link:hover, .u-black a:hover,.u-grey-70 .u-link:hover, .u-grey-70 a:hover,.u-grey-60 .u-link:hover, .u-grey-60 a:hover,.u-grey-50 .u-link:hover, .u-grey-50 a:hover,.u-grey-dark-3 .u-link:hover, .u-grey-dark-3 a:hover,.u-grey-dark-2 .u-link:hover, .u-grey-dark-2 a:hover,.u-grey-dark-1 .u-link:hover, .u-grey-dark-1 a:hover,.u-grey .u-link:hover, .u-grey a:hover { color: var(--link-hover-alt-text-color);\nborder-color: var(--link-hover-alt-border-color); }</style><style id=\"font-scheme\" font-scheme=\"Roboto-OpenSans\" heading-font=\"Roboto,sans-serif\" text-font=\"'Open Sans',sans-serif\">.u-body {\n   --text-font: 'Open Sans',sans-serif;\n   --heading-font: Roboto,sans-serif;\n}</style>","appVersion":"2.5.1","isTrial":false}
